age,experience_years,education,job_title,income,region,employment_status,enumerator_id,question_id
42,47,Diploma,Nurse,7967,Riyadh,Full-time,E006,Q1
47,29,PhD,Department Head,49310,Riyadh,Unemployed,E010,Q1
47,13,Diploma,Receptionist,10520,Jeddah,Self-employed,E011,Q2
37,10,PhD,Security Guard,5804,Riyadh,Full-time,E003,Q9
43,9,PhD,Scientist,48155,Jeddah,Part-time,E014,Q3
45,21,PhD,Scientist,31251,Dammam,Full-time,E008,Q8
43,23,Diploma,Nurse,10374,Jeddah,Full-time,E010,Q6
38,6,Bachelor,Designer,21840,Dammam,Full-time,E009,Q10
45,1,Master,Data Scientist,17169,Riyadh,Full-time,E011,Q5
51,33,PhD,Senior Researcher,52716,Riyadh,Full-time,E001,Q1
20,2,High School,Clerk,5731,Dammam,Part-time,E008,Q4
56,21,PhD,Research Director,53635,Riyadh,Full-time,E012,Q4
27,9,Bachelor,Accountant,9184,Dammam,Full-time,E001,Q5
33,15,PhD,Professor,26732,Dammam,Part-time,E008,Q6
19,17,PhD,Professor,64087,Jeddah,Self-employed,E008,Q4
27,9,High School,Cashier,6141,Jeddah,Full-time,E015,Q10
57,26,High School,Research Director,76863,Riyadh,Full-time,E006,Q7
28,8,Bachelor,Teacher,8501,Riyadh,Full-time,E011,Q7
39,18,Master,Researcher,28340,Jeddah,Full-time,E015,Q2
23,3,High School,Worker,5931,Jeddah,Part-time,E001,Q3
18,0,High School,Janitor,4487,Dammam,Self-employed,E004,Q8
38,9,Bachelor,Designer,16600,Riyadh,Full-time,E002,Q7
27,3,Bachelor,Software Developer,9911,Jeddah,Part-time,E011,Q9
14,3,High School,Worker,3181,Jeddah,Full-time,E003,Q4
35,5,Master,Financial Analyst,0,Dammam,Self-employed,E007,Q3
39,9,High School,Cashier,4326,Jeddah,Self-employed,E011,Q2
42,22,High School,Cashier,5439,Dammam,Full-time,E009,Q10
20,0,High School,Janitor,42000,Dammam,Unemployed,E002,Q9
55,11,PhD,Professor,28326,Riyadh,Full-time,E009,Q7
40,18,High School,Cashier,3979,Jeddah,Full-time,E010,Q7
21,4,PhD,Senior Researcher,65662,Riyadh,Full-time,E003,Q8
22,1,PhD,Senior Researcher,76518,Jeddah,Full-time,E014,Q10
30,7,PhD,Professor,65036,Jeddah,Full-time,E007,Q5
37,8,Bachelor,Analyst,20392,Riyadh,Full-time,E001,Q7
30,5,PhD,Senior Researcher,25691,Riyadh,Self-employed,E001,Q6
32,11,High School,Driver,3678,Dammam,Full-time,E015,Q7
54,32,PhD,Research Director,32477,Dammam,Self-employed,E006,Q7
27,6,Master,Financial Analyst,29212,Jeddah,Full-time,E009,Q9
19,3,PhD,Professor,57934,Dammam,Part-time,E008,Q4
42,6,High School,Worker,6134,Dammam,Part-time,E015,Q6
22,0,Diploma,Research Director,40091,Jeddah,Full-time,E008,Q3
36,5,High School,Waiter,3799,Dammam,Full-time,E001,Q5
29,10,Master,Researcher,24550,Jeddah,Full-time,E001,Q4
31,44,PhD,Department Head,38891,Jeddah,Full-time,E012,Q2
32,13,PhD,Research Director,67399,Dammam,Full-time,E013,Q3
12,0,PhD,Senior Researcher,37379,Dammam,Full-time,E015,Q6
16,16,Diploma,Administrative Assistant,5152,Jeddah,Full-time,E012,Q2
37,9,High School,Driver,74420,Dammam,Unemployed,E013,Q5
25,4,Diploma,Professor,69826,Riyadh,Full-time,E011,Q9
23,1,Diploma,Scientist,64751,Riyadh,Full-time,E006,Q5
44,60,High School,Worker,7094,Riyadh,Full-time,E008,Q8
30,8,PhD,Scientist,45596,Jeddah,Self-employed,E010,Q10
19,5,PhD,Senior Researcher,63623,Jeddah,Full-time,E006,Q4
34,5,Diploma,Nurse,11968,Riyadh,Part-time,E013,Q2
32,9,High School,Security Guard,4165,Dammam,Full-time,E014,Q5
43,12,Master,Project Manager,29441,Jeddah,Self-employed,E008,Q4
45,11,PhD,Scientist,39321,Riyadh,Full-time,E008,Q9
34,2,Bachelor,Software Developer,10124,Riyadh,Full-time,E004,Q5
23,2,High School,Janitor,4786,Jeddah,Full-time,E002,Q9
49,24,Bachelor,Designer,10600,Jeddah,Part-time,E008,Q9
34,44,High School,Driver,6841,Riyadh,Full-time,E001,Q8
31,8,High School,Janitor,4351,Riyadh,Full-time,E007,Q2
26,8,Master,Project Manager,29294,Jeddah,Full-time,E005,Q7
34,15,High School,Clerk,7165,Jeddah,Full-time,E003,Q10
21,18,Master,Financial Analyst,28580,Jeddah,Student,E014,Q1
53,14,PhD,Scientist,34675,Riyadh,Self-employed,E009,Q10
48,9,Bachelor,Analyst,12743,Dammam,Full-time,E008,Q8
21,2,Diploma,Receptionist,7474,Dammam,Full-time,E001,Q2
41,1,Master,Project Manager,22112,Dammam,Full-time,E003,Q4
19,10,High School,Clerk,3839,Riyadh,Student,E001,Q4
42,15,High School,Security Guard,0,Jeddah,Full-time,E004,Q9
39,18,High School,Clerk,5957,Jeddah,Part-time,E009,Q6
46,5,PhD,Senior Researcher,59233,Riyadh,Part-time,E003,Q6
44,6,Bachelor,Accountant,8235,Riyadh,Self-employed,E001,Q6
73,1,Master,Project Manager,30633,Jeddah,Full-time,E006,Q2
31,5,Diploma,Nurse,8073,Riyadh,Full-time,E012,Q1
22,1,High School,Clerk,0,Dammam,Full-time,E010,Q4
40,54,Bachelor,HR Officer,17569,Jeddah,Full-time,E003,Q2
21,17,High School,Worker,3807,Riyadh,Student,E009,Q1
18,25,High School,Waiter,5239,Riyadh,Student,E003,Q1
41,14,Master,Project Manager,17979,Riyadh,Full-time,E002,Q3
22,0,High School,Clerk,3146,Dammam,Full-time,E015,Q5
44,2,Diploma,Technician,6595,Jeddah,Full-time,E015,Q3
35,8,High School,Worker,7199,Riyadh,Full-time,E009,Q2
24,2,Bachelor,Analyst,18979,Dammam,Full-time,E007,Q6
30,5,High School,Worker,4774,Riyadh,Full-time,E001,Q3
30,7,Master,Researcher,38014,Dammam,Self-employed,E014,Q9
45,4,High School,Waiter,4885,Dammam,Full-time,E013,Q5
33,5,Diploma,Nurse,7057,Jeddah,Full-time,E014,Q4
44,12,PhD,Department Head,26820,Dammam,Full-time,E005,Q10
19,17,High School,Waiter,7991,Dammam,Student,E011,Q4
29,4,Master,Consultant,31448,Dammam,Full-time,E015,Q1
24,3,High School,Waiter,7957,Riyadh,Full-time,E006,Q7
27,4,Master,Financial Analyst,31238,Jeddah,Full-time,E011,Q10
37,2,Bachelor,HR Officer,17287,Riyadh,Self-employed,E015,Q6
39,20,Bachelor,Accountant,14603,Dammam,Full-time,E014,Q4
43,8,PhD,Department Head,65763,Jeddah,Self-employed,E007,Q8
51,29,PhD,Waiter,5630,Riyadh,Full-time,E015,Q2
72,5,PhD,Research Director,58838,Dammam,Full-time,E010,Q10
46,0,Bachelor,Software Developer,17921,Riyadh,Full-time,E001,Q3
33,4,Diploma,Nurse,10895,Jeddah,Part-time,E007,Q10
51,7,Master,Consultant,33776,Jeddah,Full-time,E013,Q6
19,20,PhD,Senior Researcher,74937,Jeddah,Full-time,E005,Q8
36,15,Master,Consultant,33473,Jeddah,Self-employed,E008,Q10
28,10,Bachelor,Designer,11172,Jeddah,Part-time,E004,Q9
38,14,Bachelor,Software Developer,24452,Jeddah,Full-time,E001,Q6
49,26,Bachelor,HR Officer,20913,Riyadh,Full-time,E003,Q1
54,2,PhD,Research Director,53953,Dammam,Part-time,E010,Q6
37,4,High School,Worker,4934,Riyadh,Part-time,E004,Q2
20,25,Bachelor,Analyst,11268,Dammam,Student,E005,Q6
49,20,Bachelor,Accountant,14123,Riyadh,Full-time,E007,Q9
55,13,Master,Researcher,25191,Dammam,Full-time,E012,Q7
40,0,Diploma,Professor,77846,Jeddah,Full-time,E001,Q6
22,3,Bachelor,Designer,8860,Riyadh,Self-employed,E001,Q8
52,6,PhD,Professor,31516,Jeddah,Full-time,E006,Q1
51,3,PhD,Professor,64953,Riyadh,Full-time,E014,Q7
82,2,PhD,Research Director,53562,Dammam,Full-time,E007,Q5
32,3,High School,Driver,6164,Jeddah,Self-employed,E012,Q9
74,2,Master,Project Manager,28146,Jeddah,Full-time,E002,Q8
41,11,Bachelor,HR Officer,8607,Dammam,Full-time,E006,Q8
39,9,Master,Consultant,21856,Riyadh,Full-time,E007,Q4
12,2,Master,Data Scientist,22341,Jeddah,Full-time,E008,Q6
95,16,PhD,Scientist,43586,Riyadh,Full-time,E012,Q7
50,14,Bachelor,Accountant,16623,Jeddah,Full-time,E013,Q5
41,15,Diploma,Technician,10114,Dammam,Full-time,E013,Q3
49,13,Master,Consultant,29200,Riyadh,Full-time,E003,Q4
19,2,PhD,Professor,55821,Dammam,Full-time,E002,Q5
24,2,High School,Worker,56910,Dammam,Unemployed,E010,Q4
30,5,High School,Security Guard,7851,Dammam,Full-time,E001,Q3
34,53,Diploma,Lab Technician,10603,Jeddah,Part-time,E002,Q7
24,6,PhD,Security Guard,4524,Jeddah,Full-time,E014,Q1
21,21,Diploma,Administrative Assistant,10025,Jeddah,Student,E001,Q1
33,4,Bachelor,HR Officer,14228,Jeddah,Full-time,E014,Q3
48,9,Bachelor,Software Developer,16763,Dammam,Full-time,E013,Q5
38,16,Bachelor,HR Officer,22779,Jeddah,Full-time,E003,Q7
25,1,Master,Senior Engineer,21107,Dammam,Full-time,E009,Q10
16,9,PhD,Professor,34709,Riyadh,Part-time,E009,Q1
39,15,PhD,Senior Researcher,41473,Riyadh,Full-time,E001,Q10
76,0,High School,Driver,3216,Dammam,Full-time,E011,Q5
22,4,Bachelor,Analyst,16539,Jeddah,Full-time,E008,Q7
33,5,Master,Project Manager,70031,Dammam,Unemployed,E002,Q8
49,10,Master,Project Manager,31138,Jeddah,Full-time,E013,Q7
37,3,High School,Clerk,0,Riyadh,Self-employed,E001,Q5
34,6,Diploma,Nurse,0,Dammam,Full-time,E012,Q4
57,16,PhD,Senior Researcher,25474,Jeddah,Full-time,E007,Q10
32,14,Diploma,Lab Technician,5439,Dammam,Full-time,E008,Q6
44,3,Master,Consultant,38956,Dammam,Full-time,E012,Q4
43,18,High School,Clerk,4712,Jeddah,Part-time,E006,Q8
45,8,Bachelor,Software Developer,15332,Jeddah,Part-time,E012,Q5
12,3,High School,Driver,5829,Dammam,Self-employed,E012,Q10
27,9,Diploma,Administrative Assistant,7083,Dammam,Full-time,E015,Q2
36,7,Diploma,Administrative Assistant,11860,Jeddah,Full-time,E005,Q8
26,1,Master,Researcher,33081,Jeddah,Full-time,E010,Q1
39,7,Master,Researcher,39343,Riyadh,Full-time,E015,Q6
35,14,Master,Project Manager,34004,Riyadh,Part-time,E011,Q3
43,6,PhD,Cashier,4021,Dammam,Full-time,E005,Q2
51,6,PhD,Research Director,25603,Riyadh,Full-time,E012,Q3
49,27,Diploma,Lab Technician,6242,Jeddah,Full-time,E010,Q3
42,1,Bachelor,Software Developer,13112,Jeddah,Full-time,E011,Q1
36,7,Master,Financial Analyst,20712,Dammam,Self-employed,E002,Q9
32,7,Bachelor,Analyst,14710,Riyadh,Full-time,E003,Q4
50,22,PhD,Scientist,51044,Dammam,Self-employed,E013,Q10
40,9,Master,Project Manager,36547,Riyadh,Full-time,E007,Q6
49,4,Diploma,Administrative Assistant,7255,Jeddah,Full-time,E001,Q2
35,6,Bachelor,Marketing Specialist,22869,Dammam,Full-time,E010,Q4
34,9,Master,Researcher,35800,Jeddah,Full-time,E011,Q1
32,40,Diploma,Receptionist,7507,Riyadh,Full-time,E012,Q4
36,1,High School,Research Director,55924,Jeddah,Self-employed,E012,Q2
19,22,Bachelor,HR Officer,13706,Dammam,Student,E001,Q9
46,27,Diploma,Nurse,10573,Jeddah,Full-time,E002,Q9
34,7,Diploma,Professor,57358,Riyadh,Full-time,E014,Q4
34,9,Bachelor,Software Developer,24011,Jeddah,Self-employed,E004,Q4
58,8,High School,Scientist,71344,Riyadh,Full-time,E006,Q9
40,6,Diploma,Receptionist,8778,Jeddah,Full-time,E015,Q3
42,6,PhD,Senior Researcher,33133,Dammam,Self-employed,E008,Q4
37,9,High School,Clerk,6337,Riyadh,Full-time,E013,Q7
49,7,Master,Project Manager,32662,Dammam,Part-time,E011,Q3
14,0,High School,Clerk,3880,Riyadh,Full-time,E007,Q8
21,18,PhD,Professor,61747,Jeddah,Full-time,E015,Q8
39,15,High School,Professor,53800,Dammam,Self-employed,E003,Q4
26,1,PhD,Cashier,5178,Riyadh,Full-time,E014,Q2
32,1,PhD,Security Guard,3951,Riyadh,Full-time,E013,Q3
33,5,Master,Financial Analyst,36605,Riyadh,Self-employed,E009,Q3
29,10,Diploma,Research Director,65844,Riyadh,Part-time,E001,Q9
39,8,Diploma,Technician,8047,Jeddah,Self-employed,E005,Q6
24,1,Bachelor,Analyst,12995,Jeddah,Full-time,E012,Q5
27,5,Diploma,Lab Technician,9873,Riyadh,Self-employed,E005,Q3
32,4,Master,Data Scientist,17556,Dammam,Full-time,E008,Q8
37,8,Master,Financial Analyst,34329,Riyadh,Full-time,E013,Q10
31,9,Bachelor,Marketing Specialist,18722,Dammam,Full-time,E010,Q2
36,4,PhD,Department Head,79971,Riyadh,Unemployed,E005,Q10
26,36,Diploma,Receptionist,10998,Jeddah,Self-employed,E003,Q1
36,15,Diploma,Administrative Assistant,10991,Jeddah,Self-employed,E001,Q5
33,5,PhD,Senior Researcher,59386,Dammam,Full-time,E015,Q8
43,21,PhD,Research Director,30893,Riyadh,Full-time,E013,Q1
48,18,High School,Clerk,79289,Riyadh,Unemployed,E015,Q3
71,6,PhD,Research Director,37209,Jeddah,Full-time,E008,Q3
30,5,High School,Driver,3218,Riyadh,Full-time,E001,Q8
36,0,Bachelor,HR Officer,18377,Jeddah,Full-time,E003,Q6
30,8,PhD,Senior Researcher,69413,Dammam,Self-employed,E002,Q4
37,17,PhD,Scientist,0,Dammam,Full-time,E012,Q1
52,14,PhD,Research Director,41369,Riyadh,Full-time,E008,Q2
29,6,Master,Consultant,29621,Riyadh,Full-time,E007,Q7
38,6,Master,Researcher,32754,Riyadh,Full-time,E008,Q9
12,8,Diploma,Lab Technician,5290,Dammam,Part-time,E015,Q6
54,8,PhD,Cashier,5814,Jeddah,Part-time,E009,Q7
88,5,Master,Financial Analyst,29746,Riyadh,Full-time,E006,Q2
21,10,Diploma,Receptionist,5817,Jeddah,Student,E014,Q5
45,5,High School,Waiter,3648,Dammam,Part-time,E005,Q5
24,0,High School,Worker,7186,Riyadh,Full-time,E003,Q2
47,21,Diploma,Lab Technician,0,Jeddah,Full-time,E006,Q9
30,4,Master,Consultant,22578,Riyadh,Part-time,E005,Q6
35,11,Diploma,Nurse,0,Riyadh,Full-time,E007,Q3
26,3,High School,Clerk,7407,Riyadh,Full-time,E006,Q2
37,3,High School,Cashier,6526,Riyadh,Full-time,E008,Q5
52,9,PhD,Professor,26627,Jeddah,Full-time,E012,Q9
74,16,PhD,Department Head,30706,Dammam,Full-time,E003,Q8
50,22,PhD,Department Head,63477,Jeddah,Full-time,E004,Q7
39,12,Master,Financial Analyst,22911,Jeddah,Full-time,E008,Q2
24,4,Bachelor,Analyst,15761,Riyadh,Full-time,E005,Q10
23,2,PhD,Professor,70566,Jeddah,Self-employed,E012,Q1
22,11,Diploma,Technician,10964,Jeddah,Student,E007,Q5
49,23,Diploma,Nurse,11894,Dammam,Full-time,E005,Q5
45,3,PhD,Research Director,58297,Dammam,Full-time,E005,Q2
23,0,Bachelor,HR Officer,21966,Riyadh,Self-employed,E007,Q2
25,3,High School,Worker,5570,Riyadh,Self-employed,E013,Q9
40,7,Diploma,Technician,11559,Jeddah,Part-time,E014,Q7
13,16,Diploma,Technician,11573,Riyadh,Full-time,E012,Q9
39,10,Master,Project Manager,31369,Dammam,Full-time,E013,Q8
34,14,PhD,Scientist,65055,Dammam,Self-employed,E008,Q3
22,5,PhD,Professor,73332,Riyadh,Full-time,E008,Q4
50,31,Master,Project Manager,29498,Riyadh,Full-time,E013,Q5
40,22,PhD,Security Guard,4195,Riyadh,Part-time,E010,Q5
38,15,Diploma,Nurse,9270,Dammam,Self-employed,E013,Q9
23,3,Bachelor,Software Developer,17562,Jeddah,Part-time,E003,Q6
37,51,PhD,Professor,34606,Riyadh,Full-time,E010,Q2
13,2,Bachelor,Teacher,13248,Jeddah,Part-time,E014,Q9
46,0,Master,Financial Analyst,21666,Dammam,Part-time,E001,Q3
44,24,High School,Clerk,65514,Dammam,Unemployed,E008,Q2
30,2,High School,Scientist,44782,Jeddah,Full-time,E001,Q3
50,25,Bachelor,Accountant,0,Riyadh,Full-time,E006,Q6
34,2,High School,Waiter,0,Jeddah,Full-time,E013,Q10
24,0,Diploma,Nurse,9701,Riyadh,Full-time,E008,Q7
32,9,PhD,Professor,25654,Dammam,Full-time,E007,Q7
42,22,Bachelor,Designer,23886,Dammam,Full-time,E006,Q8
19,1,High School,Research Director,66754,Jeddah,Part-time,E015,Q1
40,17,Master,Data Scientist,62574,Jeddah,Unemployed,E006,Q7
39,5,PhD,Cashier,3137,Riyadh,Full-time,E011,Q2
20,10,PhD,Senior Researcher,73825,Riyadh,Part-time,E007,Q6
32,4,PhD,Cashier,4835,Dammam,Full-time,E015,Q7
41,7,Diploma,Technician,5830,Riyadh,Self-employed,E005,Q3
21,0,Diploma,Nurse,10693,Riyadh,Part-time,E001,Q9
49,18,High School,Research Director,76821,Dammam,Full-time,E007,Q2
23,11,PhD,Professor,76899,Dammam,Part-time,E002,Q4
46,18,Bachelor,Marketing Specialist,22898,Dammam,Full-time,E007,Q7
28,0,High School,Waiter,7127,Dammam,Full-time,E007,Q2
42,7,Diploma,Lab Technician,7694,Riyadh,Full-time,E008,Q8
43,15,PhD,Janitor,6728,Riyadh,Full-time,E001,Q6
22,20,PhD,Professor,65956,Dammam,Full-time,E003,Q2
45,17,High School,Janitor,5312,Jeddah,Full-time,E005,Q4
31,1,High School,Security Guard,6017,Jeddah,Part-time,E001,Q1
41,6,PhD,Waiter,4021,Jeddah,Full-time,E015,Q10
40,16,Bachelor,Marketing Specialist,10834,Riyadh,Self-employed,E005,Q7
19,1,High School,Security Guard,68177,Jeddah,Unemployed,E002,Q8
51,31,Master,Data Scientist,26143,Riyadh,Full-time,E008,Q10
29,0,Bachelor,Accountant,12170,Riyadh,Part-time,E015,Q8
40,16,High School,Driver,4766,Riyadh,Full-time,E015,Q6
30,10,High School,Worker,6108,Riyadh,Full-time,E006,Q7
41,52,Master,Consultant,16902,Dammam,Part-time,E012,Q5
16,2,Diploma,Administrative Assistant,8818,Riyadh,Full-time,E014,Q7
38,20,Master,Project Manager,32648,Jeddah,Full-time,E007,Q9
44,15,Diploma,Technician,10515,Dammam,Full-time,E006,Q5
24,0,Diploma,Research Director,54287,Jeddah,Full-time,E012,Q4
39,6,PhD,Professor,29791,Riyadh,Full-time,E013,Q7
40,15,Bachelor,Teacher,12150,Jeddah,Full-time,E005,Q4
41,11,Master,Researcher,24933,Riyadh,Self-employed,E005,Q3
18,17,PhD,Senior Researcher,62792,Riyadh,Full-time,E013,Q8
51,1,Master,Financial Analyst,0,Jeddah,Full-time,E006,Q9
52,7,Bachelor,Teacher,14988,Jeddah,Full-time,E010,Q4
36,15,Master,Researcher,22305,Riyadh,Part-time,E012,Q1
32,13,High School,Janitor,7696,Riyadh,Full-time,E001,Q8
48,14,Diploma,Nurse,11789,Dammam,Full-time,E010,Q3
25,2,High School,Janitor,39625,Riyadh,Unemployed,E014,Q6
44,3,Master,Data Scientist,39735,Riyadh,Self-employed,E011,Q9
20,2,High School,Driver,3383,Riyadh,Part-time,E012,Q3
41,4,Diploma,Nurse,50310,Dammam,Unemployed,E013,Q8
43,13,PhD,Department Head,60453,Jeddah,Full-time,E009,Q10
46,17,High School,Worker,5325,Riyadh,Self-employed,E006,Q2
35,5,Bachelor,Analyst,8242,Dammam,Part-time,E006,Q8
37,2,Master,Project Manager,39384,Riyadh,Full-time,E011,Q1
47,25,Diploma,Surgeon,40185,Jeddah,Self-employed,E010,Q8
32,13,Bachelor,Marketing Specialist,21919,Dammam,Full-time,E012,Q7
51,3,Master,Data Scientist,38608,Riyadh,Full-time,E004,Q8
27,3,Bachelor,HR Officer,22997,Riyadh,Part-time,E012,Q5
46,9,High School,Waiter,7756,Riyadh,Full-time,E013,Q6
35,5,Master,Consultant,27040,Jeddah,Self-employed,E012,Q9
34,13,High School,Cashier,6464,Jeddah,Part-time,E015,Q9
48,11,High School,Driver,5943,Riyadh,Full-time,E004,Q5
46,22,Bachelor,Software Developer,51677,Jeddah,Unemployed,E006,Q3
32,0,Bachelor,Analyst,13664,Riyadh,Full-time,E008,Q7
42,23,High School,Driver,4831,Riyadh,Full-time,E009,Q1
43,6,Diploma,Administrative Assistant,9630,Jeddah,Full-time,E015,Q6
32,14,Diploma,Technician,6790,Jeddah,Part-time,E015,Q5
32,5,High School,Waiter,7851,Riyadh,Self-employed,E009,Q10
43,5,High School,Driver,4356,Jeddah,Full-time,E013,Q5
42,8,High School,Security Guard,6000,Jeddah,Full-time,E013,Q1
58,14,PhD,Scientist,52087,Dammam,Full-time,E012,Q7
28,8,Master,Financial Analyst,29805,Jeddah,Full-time,E015,Q2
54,12,Master,Project Manager,15393,Dammam,Full-time,E010,Q4
44,20,Bachelor,Marketing Specialist,22993,Jeddah,Full-time,E005,Q3
28,2,Diploma,Administrative Assistant,38462,Riyadh,Unemployed,E009,Q2
27,3,Diploma,Technician,11702,Riyadh,Full-time,E003,Q8
33,5,High School,Clerk,3737,Dammam,Full-time,E008,Q9
44,17,High School,Janitor,5202,Jeddah,Full-time,E008,Q4
23,5,High School,Clerk,3648,Riyadh,Self-employed,E004,Q7
19,0,High School,Cashier,6375,Jeddah,Full-time,E011,Q2
90,10,Diploma,Receptionist,7725,Dammam,Full-time,E014,Q5
48,24,Bachelor,Accountant,18946,Dammam,Full-time,E012,Q5
30,5,Master,Project Manager,17842,Jeddah,Full-time,E001,Q7
26,6,High School,Surgeon,49026,Riyadh,Full-time,E014,Q1
33,14,Diploma,Receptionist,0,Dammam,Full-time,E011,Q7
52,34,Master,Consultant,24264,Dammam,Full-time,E015,Q1
21,1,High School,Worker,7125,Riyadh,Full-time,E001,Q8
53,1,PhD,Department Head,66823,Riyadh,Full-time,E005,Q9
51,33,Diploma,Research Director,52265,Jeddah,Full-time,E004,Q10
38,9,Bachelor,HR Officer,22532,Riyadh,Full-time,E004,Q8
26,7,Bachelor,Analyst,24821,Jeddah,Full-time,E011,Q9
22,10,Diploma,Technician,9710,Riyadh,Student,E005,Q2
36,1,Master,Senior Engineer,16511,Riyadh,Full-time,E008,Q4
24,2,Bachelor,Marketing Specialist,11421,Dammam,Part-time,E006,Q9
47,19,High School,Waiter,7455,Dammam,Part-time,E001,Q2
34,12,Bachelor,Marketing Specialist,14235,Jeddah,Full-time,E006,Q6
47,28,Master,Researcher,25667,Dammam,Full-time,E010,Q3
33,2,Bachelor,Teacher,24578,Dammam,Full-time,E014,Q5
47,22,PhD,Scientist,0,Riyadh,Full-time,E012,Q4
14,16,Diploma,Nurse,8238,Dammam,Self-employed,E006,Q4
20,2,High School,Waiter,7883,Dammam,Full-time,E011,Q7
37,4,PhD,Department Head,52405,Dammam,Full-time,E013,Q6
27,1,Diploma,Receptionist,9874,Dammam,Self-employed,E012,Q2
26,4,Master,Data Scientist,27184,Dammam,Part-time,E004,Q10
49,8,Diploma,Lab Technician,9212,Riyadh,Full-time,E005,Q6
15,15,PhD,Scientist,53487,Dammam,Part-time,E006,Q2
53,5,PhD,Scientist,36860,Dammam,Full-time,E012,Q7
34,1,PhD,Scientist,49865,Dammam,Full-time,E015,Q1
28,0,PhD,Professor,27677,Dammam,Full-time,E010,Q6
30,5,PhD,Scientist,54571,Jeddah,Full-time,E001,Q1
95,16,PhD,Department Head,41865,Riyadh,Full-time,E012,Q6
38,2,Diploma,Nurse,11310,Jeddah,Full-time,E013,Q2
49,12,PhD,Department Head,62792,Riyadh,Part-time,E002,Q10
53,24,Master,Project Manager,17998,Riyadh,Full-time,E001,Q9
37,17,Master,Project Manager,21086,Dammam,Full-time,E001,Q9
30,7,Master,Data Scientist,32096,Jeddah,Full-time,E011,Q8
42,18,PhD,Janitor,4317,Dammam,Part-time,E006,Q10
34,14,Diploma,Lab Technician,9240,Dammam,Full-time,E005,Q7
22,10,High School,Security Guard,4974,Dammam,Student,E011,Q10
86,14,PhD,Research Director,63284,Riyadh,Part-time,E011,Q1
29,11,Diploma,Administrative Assistant,11584,Dammam,Full-time,E006,Q4
51,31,PhD,Senior Researcher,35435,Riyadh,Self-employed,E012,Q6
22,3,High School,Janitor,6232,Dammam,Full-time,E015,Q5
46,1,PhD,Research Director,52421,Riyadh,Full-time,E011,Q1
30,5,High School,Cashier,7449,Jeddah,Self-employed,E001,Q7
31,0,Bachelor,HR Officer,22837,Jeddah,Part-time,E003,Q3
30,6,PhD,Research Director,67962,Jeddah,Full-time,E006,Q3
24,1,High School,Driver,4768,Riyadh,Full-time,E011,Q6
54,16,Master,Financial Analyst,29978,Jeddah,Self-employed,E012,Q4
50,29,Diploma,Technician,6532,Jeddah,Full-time,E014,Q2
41,10,Diploma,Technician,9176,Dammam,Full-time,E013,Q10
40,12,High School,Janitor,0,Jeddah,Self-employed,E003,Q7
50,2,PhD,Professor,55576,Riyadh,Part-time,E009,Q6
14,6,Diploma,Receptionist,5585,Riyadh,Full-time,E015,Q2
20,22,Bachelor,Marketing Specialist,11345,Dammam,Student,E015,Q4
34,4,PhD,Security Guard,3904,Dammam,Part-time,E004,Q6
30,5,PhD,Department Head,66000,Riyadh,Self-employed,E001,Q1
37,6,Bachelor,HR Officer,17762,Jeddah,Full-time,E001,Q10
38,2,Diploma,Receptionist,9259,Riyadh,Full-time,E004,Q10
40,12,PhD,Research Director,0,Riyadh,Full-time,E009,Q2
20,1,Diploma,Receptionist,5857,Riyadh,Full-time,E007,Q10
36,0,High School,Clerk,5540,Dammam,Part-time,E013,Q1
27,6,Diploma,Lab Technician,0,Jeddah,Full-time,E010,Q5
47,11,Diploma,Surgeon,55257,Riyadh,Self-employed,E015,Q1
14,6,Bachelor,Teacher,19224,Riyadh,Self-employed,E004,Q4
41,15,PhD,Senior Researcher,69160,Riyadh,Part-time,E012,Q6
29,0,Diploma,Lab Technician,7923,Dammam,Full-time,E013,Q4
53,26,PhD,Department Head,57528,Dammam,Part-time,E005,Q10
47,7,Diploma,Lab Technician,0,Dammam,Full-time,E009,Q7
18,4,PhD,Professor,58568,Dammam,Full-time,E003,Q5
40,11,High School,Security Guard,4651,Dammam,Full-time,E009,Q9
46,0,PhD,Department Head,59533,Riyadh,Self-employed,E005,Q5
30,2,Bachelor,HR Officer,13016,Jeddah,Full-time,E011,Q5
42,20,Bachelor,Designer,17117,Riyadh,Full-time,E009,Q7
54,36,Master,Researcher,36979,Dammam,Part-time,E012,Q9
48,17,High School,Worker,4697,Jeddah,Full-time,E004,Q5
34,6,Diploma,Lab Technician,11709,Jeddah,Full-time,E014,Q7
14,3,PhD,Department Head,51028,Riyadh,Full-time,E005,Q4
22,1,Diploma,Lab Technician,5572,Dammam,Full-time,E011,Q5
32,14,Diploma,Nurse,10244,Jeddah,Full-time,E015,Q5
19,18,PhD,Senior Researcher,30259,Dammam,Student,E007,Q6
20,21,Diploma,Technician,7585,Jeddah,Student,E007,Q1
46,2,High School,Cashier,3510,Jeddah,Full-time,E013,Q6
25,4,PhD,Cashier,5850,Jeddah,Self-employed,E006,Q5
45,4,Diploma,Receptionist,5699,Riyadh,Full-time,E015,Q1
33,8,Bachelor,Accountant,17857,Jeddah,Self-employed,E013,Q5
28,0,Master,Project Manager,30668,Jeddah,Full-time,E013,Q10
49,20,Bachelor,Software Developer,17147,Riyadh,Self-employed,E005,Q7
42,2,PhD,Professor,42093,Jeddah,Full-time,E010,Q9
29,11,Diploma,Receptionist,0,Dammam,Self-employed,E003,Q1
55,20,PhD,Scientist,67041,Riyadh,Part-time,E010,Q9
35,2,PhD,Senior Researcher,26730,Jeddah,Full-time,E015,Q1
30,5,Diploma,Nurse,10682,Riyadh,Full-time,E001,Q1
29,7,Bachelor,Teacher,21605,Dammam,Part-time,E009,Q10
39,18,PhD,Senior Researcher,35501,Jeddah,Full-time,E012,Q7
27,9,Master,Financial Analyst,20094,Dammam,Full-time,E014,Q9
32,10,High School,Waiter,3705,Dammam,Self-employed,E012,Q5
50,22,PhD,Professor,52377,Riyadh,Unemployed,E004,Q9
37,11,PhD,Professor,68778,Jeddah,Full-time,E012,Q1
35,15,Diploma,Receptionist,6749,Dammam,Part-time,E005,Q4
29,1,Master,Project Manager,18621,Dammam,Full-time,E003,Q9
35,52,Bachelor,Software Developer,10267,Jeddah,Full-time,E005,Q6
36,5,PhD,Professor,34096,Riyadh,Full-time,E014,Q3
38,7,High School,Waiter,4364,Jeddah,Full-time,E001,Q8
43,20,PhD,Department Head,79896,Riyadh,Unemployed,E004,Q3
34,2,Bachelor,Teacher,12375,Dammam,Part-time,E004,Q6
29,0,Diploma,Professor,69024,Riyadh,Full-time,E014,Q7
26,4,High School,Professor,55254,Jeddah,Full-time,E012,Q2
31,13,Diploma,Administrative Assistant,6210,Riyadh,Full-time,E010,Q1
12,11,Bachelor,Analyst,11556,Jeddah,Part-time,E004,Q10
29,4,PhD,Senior Researcher,68815,Dammam,Full-time,E001,Q2
32,6,Bachelor,Designer,57569,Riyadh,Unemployed,E005,Q7
84,1,PhD,Senior Researcher,68642,Jeddah,Full-time,E007,Q2
39,19,High School,Driver,3801,Riyadh,Full-time,E008,Q10
83,28,PhD,Senior Researcher,55912,Riyadh,Full-time,E014,Q4
39,0,High School,Worker,3353,Dammam,Full-time,E013,Q6
44,3,Diploma,Receptionist,8702,Jeddah,Part-time,E010,Q6
28,8,PhD,Scientist,61384,Riyadh,Full-time,E007,Q10
36,18,High School,Waiter,3172,Dammam,Full-time,E014,Q9
38,4,Diploma,Receptionist,7529,Dammam,Full-time,E014,Q3
38,1,Master,Consultant,37785,Dammam,Full-time,E010,Q1
42,17,High School,Security Guard,7074,Jeddah,Self-employed,E003,Q8
37,1,Diploma,Lab Technician,8696,Jeddah,Full-time,E008,Q8
45,12,Bachelor,Software Developer,75727,Jeddah,Unemployed,E006,Q1
17,3,Diploma,Receptionist,9035,Dammam,Full-time,E014,Q1
49,21,Master,Consultant,22966,Riyadh,Part-time,E010,Q8
31,2,Diploma,Scientist,64627,Dammam,Self-employed,E001,Q7
46,7,High School,Cashier,4998,Riyadh,Full-time,E004,Q5
50,22,Diploma,Lab Technician,5682,Dammam,Full-time,E012,Q3
30,7,PhD,Cashier,5493,Riyadh,Full-time,E003,Q8
41,1,PhD,Professor,57575,Jeddah,Unemployed,E012,Q10
28,1,Diploma,Administrative Assistant,7580,Jeddah,Full-time,E014,Q4
43,0,PhD,Scientist,28057,Dammam,Full-time,E012,Q8
24,6,PhD,Senior Researcher,67089,Jeddah,Full-time,E012,Q10
22,3,Diploma,Surgeon,66658,Riyadh,Full-time,E005,Q5
39,7,Bachelor,Accountant,24713,Dammam,Part-time,E015,Q9
22,23,High School,Janitor,3985,Dammam,Student,E006,Q6
48,30,High School,Cashier,5202,Riyadh,Self-employed,E001,Q7
30,5,PhD,Research Director,54553,Dammam,Full-time,E001,Q4
53,20,Master,Senior Engineer,38136,Jeddah,Full-time,E004,Q4
37,0,Bachelor,Teacher,10088,Riyadh,Full-time,E003,Q6
32,0,Master,Financial Analyst,20266,Riyadh,Full-time,E014,Q1
29,11,Diploma,Receptionist,51346,Dammam,Unemployed,E013,Q8
45,63,Diploma,Lab Technician,8874,Riyadh,Full-time,E014,Q9
31,0,Bachelor,Marketing Specialist,15112,Jeddah,Self-employed,E001,Q9
40,20,High School,Surgeon,69581,Jeddah,Full-time,E003,Q8
44,19,Bachelor,Analyst,23711,Jeddah,Full-time,E005,Q9
34,2,Master,Consultant,18421,Jeddah,Part-time,E012,Q1
52,23,Bachelor,Software Developer,0,Riyadh,Full-time,E007,Q7
41,10,PhD,Security Guard,4017,Dammam,Full-time,E006,Q6
52,20,PhD,Department Head,55164,Riyadh,Full-time,E009,Q6
45,20,PhD,Cashier,4916,Dammam,Full-time,E014,Q6
24,13,PhD,Professor,68783,Riyadh,Part-time,E009,Q2
35,13,Diploma,Professor,73970,Riyadh,Self-employed,E015,Q4
27,8,High School,Security Guard,7570,Jeddah,Full-time,E005,Q1
22,23,Diploma,Receptionist,7803,Jeddah,Student,E009,Q8
33,0,Master,Financial Analyst,20693,Riyadh,Full-time,E008,Q4
29,2,PhD,Professor,26787,Riyadh,Part-time,E010,Q8
36,5,High School,Worker,61750,Dammam,Unemployed,E001,Q9
21,5,PhD,Senior Researcher,73519,Dammam,Full-time,E004,Q10
53,9,Master,Data Scientist,31916,Dammam,Full-time,E012,Q3
23,1,Diploma,Surgeon,42663,Dammam,Part-time,E011,Q2
32,11,PhD,Research Director,47502,Riyadh,Self-employed,E002,Q6
43,21,PhD,Janitor,3711,Dammam,Full-time,E004,Q9
44,26,Bachelor,Analyst,19489,Riyadh,Full-time,E012,Q1
36,11,High School,Clerk,6191,Riyadh,Self-employed,E006,Q1
44,9,Master,Researcher,34022,Jeddah,Full-time,E014,Q7
45,26,High School,Waiter,4798,Dammam,Full-time,E002,Q5
28,4,Bachelor,Software Developer,19012,Riyadh,Full-time,E015,Q2
77,6,Diploma,Nurse,6051,Riyadh,Self-employed,E007,Q1
46,7,PhD,Scientist,58032,Dammam,Full-time,E003,Q6
46,23,Master,Consultant,37517,Riyadh,Full-time,E007,Q1
32,10,Bachelor,Analyst,50080,Jeddah,Unemployed,E005,Q10
18,21,Master,Consultant,21583,Riyadh,Student,E014,Q9
88,8,Bachelor,Software Developer,9418,Dammam,Full-time,E015,Q7
19,7,PhD,Senior Researcher,67969,Dammam,Full-time,E009,Q4
37,7,High School,Driver,7622,Jeddah,Full-time,E002,Q1
46,16,Diploma,Receptionist,9929,Riyadh,Full-time,E004,Q1
38,13,PhD,Scientist,38079,Riyadh,Full-time,E001,Q2
27,47,Master,Financial Analyst,19176,Riyadh,Full-time,E007,Q1
35,10,High School,Waiter,4796,Jeddah,Full-time,E011,Q7
44,10,PhD,Scientist,66307,Dammam,Full-time,E008,Q7
25,2,Master,Senior Engineer,22380,Riyadh,Full-time,E005,Q10
34,9,Bachelor,Analyst,14067,Riyadh,Full-time,E012,Q8
39,19,High School,Janitor,7431,Dammam,Full-time,E006,Q3
18,0,High School,Waiter,7412,Riyadh,Full-time,E012,Q9
43,13,High School,Waiter,4453,Riyadh,Full-time,E015,Q3
26,0,Diploma,Technician,7557,Jeddah,Full-time,E015,Q7
39,2,PhD,Research Director,47417,Dammam,Full-time,E004,Q10
31,9,Master,Data Scientist,0,Jeddah,Full-time,E003,Q10
50,26,PhD,Cashier,6578,Riyadh,Full-time,E003,Q9
55,17,Master,Financial Analyst,18778,Riyadh,Full-time,E009,Q5
36,15,Diploma,Receptionist,5070,Dammam,Self-employed,E011,Q8
41,7,PhD,Professor,68576,Jeddah,Full-time,E010,Q8
38,1,High School,Waiter,4456,Jeddah,Full-time,E006,Q1
43,23,Bachelor,Software Developer,22678,Riyadh,Full-time,E010,Q7
13,18,Master,Data Scientist,29685,Dammam,Full-time,E005,Q9
38,12,Diploma,Lab Technician,9090,Jeddah,Part-time,E004,Q8
81,6,PhD,Research Director,32570,Jeddah,Full-time,E008,Q4
40,20,Master,Senior Engineer,22363,Jeddah,Self-employed,E013,Q10
49,24,PhD,Senior Researcher,29663,Riyadh,Full-time,E001,Q3
48,12,High School,Janitor,7548,Riyadh,Full-time,E007,Q1
21,0,PhD,Senior Researcher,55069,Dammam,Full-time,E002,Q8
23,5,Diploma,Lab Technician,9505,Riyadh,Self-employed,E001,Q6
42,6,Master,Project Manager,31203,Jeddah,Self-employed,E003,Q5
27,6,High School,Security Guard,3060,Dammam,Part-time,E013,Q5
30,5,PhD,Department Head,51938,Jeddah,Part-time,E001,Q6
21,22,High School,Waiter,4551,Jeddah,Student,E005,Q7
55,17,Master,Project Manager,29049,Dammam,Full-time,E015,Q6
32,14,Master,Financial Analyst,31906,Jeddah,Full-time,E012,Q4
24,1,Bachelor,Accountant,8115,Dammam,Full-time,E013,Q5
20,25,PhD,Research Director,32946,Jeddah,Student,E013,Q4
42,8,Master,Senior Engineer,21115,Riyadh,Full-time,E008,Q6
40,1,Diploma,Technician,38313,Dammam,Unemployed,E013,Q9
30,5,High School,Waiter,4031,Jeddah,Full-time,E001,Q7
40,22,Diploma,Technician,9078,Jeddah,Full-time,E007,Q8
38,3,High School,Waiter,4465,Riyadh,Full-time,E001,Q9
44,18,Bachelor,Accountant,12031,Riyadh,Full-time,E008,Q10
17,10,High School,Waiter,7846,Dammam,Full-time,E001,Q5
88,11,Bachelor,Designer,12737,Riyadh,Full-time,E005,Q8
27,2,Master,Researcher,21386,Jeddah,Full-time,E008,Q9
48,8,Master,Researcher,21684,Riyadh,Full-time,E005,Q8
33,3,PhD,Research Director,44595,Dammam,Self-employed,E010,Q3
25,2,Bachelor,HR Officer,9956,Riyadh,Self-employed,E011,Q6
13,14,Bachelor,Analyst,13818,Jeddah,Full-time,E003,Q1
35,2,PhD,Department Head,32100,Jeddah,Self-employed,E008,Q8
41,12,PhD,Security Guard,6535,Jeddah,Full-time,E011,Q6
34,1,Master,Data Scientist,16235,Dammam,Full-time,E004,Q2
38,18,PhD,Scientist,55487,Riyadh,Full-time,E009,Q5
27,9,Diploma,Nurse,6649,Riyadh,Self-employed,E014,Q2
30,8,Bachelor,Designer,12583,Dammam,Full-time,E002,Q4
20,31,PhD,Professor,71224,Riyadh,Full-time,E015,Q10
20,0,High School,Worker,5285,Jeddah,Part-time,E013,Q5
13,2,Bachelor,Software Developer,19172,Riyadh,Full-time,E007,Q2
39,9,PhD,Professor,32647,Dammam,Self-employed,E013,Q9
89,14,Bachelor,Software Developer,12319,Dammam,Full-time,E013,Q7
19,18,PhD,Scientist,37656,Jeddah,Student,E009,Q3
14,21,High School,Janitor,5522,Dammam,Self-employed,E012,Q4
37,12,Master,Consultant,36268,Dammam,Full-time,E013,Q10
82,2,PhD,Senior Researcher,47279,Dammam,Part-time,E011,Q3
48,5,Bachelor,Teacher,17153,Riyadh,Full-time,E001,Q9
46,11,High School,Worker,5918,Riyadh,Full-time,E007,Q9
24,12,PhD,Senior Researcher,52229,Dammam,Full-time,E012,Q8
51,25,PhD,Professor,0,Jeddah,Self-employed,E011,Q10
39,1,Diploma,Scientist,71677,Jeddah,Full-time,E004,Q9
23,0,Diploma,Technician,5222,Riyadh,Full-time,E007,Q3
25,6,Bachelor,Accountant,18470,Dammam,Self-employed,E006,Q7
29,35,Diploma,Technician,7057,Riyadh,Self-employed,E011,Q4
51,19,Bachelor,Analyst,10119,Jeddah,Part-time,E001,Q7
42,17,Diploma,Nurse,35092,Riyadh,Unemployed,E002,Q3
55,6,Master,Consultant,24874,Riyadh,Full-time,E011,Q5
52,1,Bachelor,Software Developer,23113,Dammam,Full-time,E004,Q9
33,8,Master,Senior Engineer,28121,Riyadh,Self-employed,E010,Q8
28,0,PhD,Senior Researcher,53028,Dammam,Self-employed,E003,Q9
19,13,Diploma,Receptionist,5789,Jeddah,Student,E005,Q9
31,12,Master,Senior Engineer,51812,Dammam,Unemployed,E011,Q4
37,3,High School,Security Guard,4823,Jeddah,Full-time,E012,Q2
42,14,Diploma,Nurse,7679,Jeddah,Full-time,E012,Q5
42,16,High School,Waiter,5886,Jeddah,Part-time,E006,Q9
47,53,Diploma,Nurse,9734,Riyadh,Full-time,E007,Q8
26,5,Master,Project Manager,37357,Dammam,Full-time,E013,Q6
45,23,Bachelor,Marketing Specialist,12403,Jeddah,Full-time,E013,Q9
31,4,PhD,Department Head,34769,Riyadh,Self-employed,E006,Q5
33,2,Bachelor,Software Developer,22600,Riyadh,Full-time,E006,Q9
20,4,PhD,Professor,65441,Dammam,Full-time,E014,Q1
27,6,High School,Waiter,0,Riyadh,Full-time,E001,Q6
48,1,Bachelor,Software Developer,17107,Riyadh,Part-time,E002,Q4
21,22,PhD,Scientist,28786,Jeddah,Student,E006,Q7
45,5,Bachelor,Accountant,13687,Riyadh,Full-time,E013,Q6
23,3,Diploma,Professor,46900,Jeddah,Self-employed,E003,Q10
35,12,PhD,Security Guard,4469,Jeddah,Part-time,E006,Q8
46,6,High School,Worker,0,Jeddah,Full-time,E004,Q5
55,17,PhD,Scientist,87466,Jeddah,Unemployed,E010,Q1
28,6,PhD,Research Director,32230,Dammam,Full-time,E010,Q9
48,14,Bachelor,HR Officer,11367,Riyadh,Part-time,E015,Q8
87,4,Diploma,Technician,10750,Dammam,Self-employed,E006,Q5
34,11,Diploma,Administrative Assistant,6383,Dammam,Full-time,E011,Q4
39,3,PhD,Senior Researcher,26151,Riyadh,Full-time,E004,Q1
31,6,Bachelor,Accountant,23440,Dammam,Full-time,E007,Q7
40,19,Diploma,Receptionist,5542,Jeddah,Full-time,E010,Q6
18,25,Master,Data Scientist,18794,Jeddah,Student,E005,Q6
81,3,Diploma,Lab Technician,5152,Dammam,Full-time,E008,Q7
23,16,PhD,Professor,76253,Jeddah,Full-time,E010,Q10
32,8,PhD,Scientist,46367,Jeddah,Full-time,E008,Q9
43,9,High School,Security Guard,7910,Jeddah,Full-time,E002,Q10
29,2,High School,Security Guard,3828,Riyadh,Full-time,E007,Q5
29,5,PhD,Professor,68503,Dammam,Full-time,E002,Q6
57,0,PhD,Senior Researcher,44018,Jeddah,Full-time,E009,Q6
20,3,PhD,Senior Researcher,78462,Riyadh,Full-time,E006,Q4
25,4,Diploma,Receptionist,7752,Riyadh,Self-employed,E011,Q6
37,15,Bachelor,Software Developer,10644,Riyadh,Part-time,E002,Q1
30,5,Master,Consultant,23468,Jeddah,Full-time,E001,Q6
86,28,PhD,Scientist,43123,Jeddah,Full-time,E015,Q4
45,9,Bachelor,Software Developer,16412,Dammam,Full-time,E003,Q5
21,4,PhD,Senior Researcher,68420,Dammam,Full-time,E011,Q5
40,4,Bachelor,Accountant,85175,Jeddah,Unemployed,E011,Q3
33,8,High School,Worker,7680,Riyadh,Full-time,E010,Q4
33,13,PhD,Waiter,6815,Riyadh,Full-time,E007,Q1
41,7,PhD,Department Head,36115,Jeddah,Full-time,E002,Q10
31,7,Diploma,Technician,7987,Dammam,Full-time,E009,Q5
73,9,PhD,Senior Researcher,54163,Dammam,Full-time,E012,Q1
25,6,Master,Researcher,35570,Riyadh,Full-time,E008,Q1
37,16,Bachelor,Teacher,69510,Jeddah,Unemployed,E002,Q5
18,0,High School,Worker,7476,Riyadh,Full-time,E002,Q2
34,16,Master,Researcher,0,Jeddah,Full-time,E009,Q1
48,1,PhD,Department Head,50903,Riyadh,Full-time,E012,Q5
30,3,Diploma,Administrative Assistant,8541,Jeddah,Full-time,E007,Q8
28,8,Bachelor,Designer,22733,Riyadh,Full-time,E001,Q3
38,12,High School,Janitor,7733,Dammam,Self-employed,E009,Q4
32,49,PhD,Professor,45214,Dammam,Full-time,E010,Q3
41,5,Bachelor,Analyst,9844,Riyadh,Full-time,E014,Q4
44,19,Bachelor,HR Officer,15322,Riyadh,Self-employed,E015,Q1
39,21,Bachelor,Designer,17233,Dammam,Full-time,E011,Q1
32,1,PhD,Senior Researcher,69576,Riyadh,Unemployed,E010,Q6
20,1,High School,Driver,4927,Riyadh,Full-time,E006,Q4
42,2,PhD,Senior Researcher,65777,Riyadh,Unemployed,E002,Q8
18,12,PhD,Research Director,36239,Dammam,Student,E007,Q6
21,0,Diploma,Surgeon,65544,Dammam,Full-time,E015,Q10
24,1,Bachelor,Designer,13929,Riyadh,Part-time,E006,Q5
44,1,Diploma,Technician,11933,Riyadh,Full-time,E005,Q2
37,10,PhD,Research Director,48506,Jeddah,Self-employed,E001,Q8
54,34,Master,Project Manager,21065,Jeddah,Full-time,E004,Q1
25,1,Master,Financial Analyst,31143,Dammam,Full-time,E014,Q2
22,2,Bachelor,Analyst,23805,Riyadh,Full-time,E010,Q3
24,2,PhD,Cashier,6578,Dammam,Part-time,E007,Q8
42,9,Bachelor,HR Officer,12005,Dammam,Part-time,E015,Q8
23,4,Diploma,Technician,6947,Dammam,Full-time,E008,Q7
38,18,Master,Project Manager,0,Jeddah,Part-time,E005,Q9
30,4,Bachelor,Accountant,19987,Jeddah,Full-time,E011,Q3
34,8,PhD,Senior Researcher,41881,Riyadh,Full-time,E015,Q8
30,12,Bachelor,Analyst,21398,Dammam,Self-employed,E012,Q5
41,0,Diploma,Administrative Assistant,8310,Dammam,Full-time,E013,Q5
24,2,Diploma,Lab Technician,6384,Riyadh,Part-time,E003,Q9
20,0,Diploma,Administrative Assistant,8110,Dammam,Part-time,E014,Q1
41,3,High School,Cashier,4727,Jeddah,Full-time,E010,Q9
44,10,Master,Data Scientist,28105,Jeddah,Part-time,E005,Q8
34,16,PhD,Research Director,43611,Riyadh,Full-time,E007,Q10
43,10,Bachelor,Software Developer,18835,Riyadh,Full-time,E011,Q4
33,6,High School,Clerk,3613,Dammam,Full-time,E004,Q8
42,24,Diploma,Lab Technician,5221,Riyadh,Self-employed,E013,Q3
39,13,Diploma,Nurse,8165,Riyadh,Full-time,E012,Q9
34,6,Master,Consultant,30603,Jeddah,Full-time,E002,Q4
43,2,Diploma,Technician,5829,Riyadh,Full-time,E011,Q5
15,4,Bachelor,Teacher,23357,Dammam,Self-employed,E010,Q10
46,19,High School,Cashier,0,Jeddah,Full-time,E001,Q2
42,13,Bachelor,Marketing Specialist,21450,Riyadh,Part-time,E008,Q2
34,13,PhD,Professor,66854,Dammam,Full-time,E013,Q1
27,5,Diploma,Administrative Assistant,8519,Jeddah,Full-time,E014,Q3
24,3,High School,Waiter,6743,Dammam,Full-time,E011,Q3
32,5,Diploma,Technician,9326,Dammam,Full-time,E010,Q8
50,30,PhD,Professor,0,Dammam,Full-time,E014,Q3
20,11,Diploma,Technician,7123,Dammam,Student,E011,Q10
28,7,PhD,Waiter,3415,Dammam,Full-time,E012,Q2
30,4,Bachelor,HR Officer,9148,Dammam,Self-employed,E012,Q10
45,21,Bachelor,Analyst,18418,Jeddah,Self-employed,E012,Q7
21,3,PhD,Senior Researcher,71131,Jeddah,Part-time,E012,Q7
40,2,High School,Scientist,57676,Jeddah,Full-time,E014,Q3
33,0,Bachelor,Teacher,22942,Jeddah,Full-time,E015,Q9
29,7,Diploma,Lab Technician,8790,Riyadh,Full-time,E002,Q4
55,16,Master,Project Manager,28419,Jeddah,Full-time,E012,Q4
26,4,High School,Cashier,7498,Riyadh,Full-time,E012,Q4
37,10,PhD,Research Director,50615,Jeddah,Part-time,E011,Q1
48,4,PhD,Senior Researcher,67769,Dammam,Part-time,E012,Q7
30,12,PhD,Senior Researcher,55833,Jeddah,Full-time,E013,Q6
29,0,Diploma,Technician,9904,Dammam,Self-employed,E011,Q8
31,5,PhD,Research Director,0,Dammam,Full-time,E009,Q7
46,21,PhD,Senior Researcher,65544,Riyadh,Unemployed,E013,Q1
50,3,PhD,Cashier,3289,Dammam,Full-time,E008,Q10
23,4,Diploma,Receptionist,7419,Jeddah,Part-time,E003,Q6
32,4,High School,Research Director,63635,Dammam,Full-time,E001,Q5
17,15,Bachelor,Teacher,11730,Riyadh,Full-time,E011,Q2
19,19,Diploma,Receptionist,11116,Jeddah,Student,E002,Q1
34,1,Bachelor,Designer,19924,Jeddah,Full-time,E015,Q1
53,31,PhD,Scientist,67266,Dammam,Full-time,E001,Q3
40,20,Bachelor,HR Officer,10978,Riyadh,Self-employed,E015,Q3
33,9,Master,Researcher,32967,Riyadh,Full-time,E015,Q4
29,0,PhD,Department Head,32628,Riyadh,Full-time,E010,Q4
95,7,High School,Waiter,7134,Riyadh,Full-time,E001,Q6
26,6,Diploma,Lab Technician,6298,Dammam,Full-time,E004,Q9
78,4,Diploma,Lab Technician,5147,Jeddah,Self-employed,E010,Q8
28,2,PhD,Janitor,6022,Jeddah,Full-time,E012,Q2
39,7,Diploma,Lab Technician,11765,Dammam,Full-time,E009,Q6
43,8,Master,Senior Engineer,25316,Dammam,Full-time,E006,Q1
24,2,Bachelor,Teacher,8814,Riyadh,Full-time,E002,Q9
42,8,Master,Consultant,23739,Dammam,Full-time,E001,Q6
33,1,PhD,Department Head,57585,Jeddah,Self-employed,E012,Q6
21,20,PhD,Senior Researcher,77925,Dammam,Full-time,E009,Q8
15,6,Master,Project Manager,39842,Jeddah,Full-time,E002,Q4
49,21,PhD,Research Director,31330,Dammam,Part-time,E004,Q1
30,5,Master,Researcher,35342,Riyadh,Full-time,E001,Q4
30,5,Diploma,Nurse,5008,Riyadh,Full-time,E001,Q4
37,16,High School,Worker,6466,Riyadh,Full-time,E011,Q2
25,7,High School,Waiter,3441,Dammam,Full-time,E012,Q8
34,11,High School,Waiter,5779,Riyadh,Full-time,E012,Q2
48,19,Diploma,Technician,11013,Dammam,Full-time,E008,Q9
54,9,Master,Project Manager,18351,Dammam,Full-time,E012,Q2
22,22,Diploma,Administrative Assistant,10948,Jeddah,Student,E015,Q9
30,5,Master,Project Manager,30141,Jeddah,Full-time,E001,Q9
20,1,High School,Clerk,5933,Riyadh,Full-time,E015,Q6
45,0,High School,Security Guard,4613,Jeddah,Full-time,E006,Q10
25,2,High School,Cashier,6593,Jeddah,Full-time,E007,Q5
36,3,Bachelor,HR Officer,14258,Jeddah,Full-time,E015,Q6
48,62,High School,Waiter,7315,Jeddah,Self-employed,E007,Q1
20,0,High School,Worker,4591,Riyadh,Full-time,E014,Q3
46,0,High School,Janitor,5300,Jeddah,Part-time,E009,Q2
34,5,PhD,Professor,29932,Dammam,Full-time,E004,Q7
42,12,Bachelor,Software Developer,18950,Riyadh,Full-time,E001,Q7
39,21,Bachelor,Accountant,11920,Dammam,Full-time,E002,Q5
30,5,Diploma,Administrative Assistant,11836,Jeddah,Part-time,E001,Q4
22,2,Bachelor,Analyst,16862,Jeddah,Full-time,E007,Q6
20,23,High School,Clerk,4810,Jeddah,Student,E009,Q10
31,6,Diploma,Administrative Assistant,8310,Jeddah,Full-time,E009,Q1
24,0,Diploma,Administrative Assistant,5447,Riyadh,Full-time,E005,Q1
47,20,Diploma,Receptionist,5584,Riyadh,Full-time,E007,Q6
22,1,High School,Waiter,7966,Riyadh,Full-time,E011,Q1
41,0,Diploma,Technician,11683,Riyadh,Full-time,E001,Q6
21,1,High School,Security Guard,4640,Jeddah,Full-time,E010,Q6
34,12,PhD,Cashier,6647,Riyadh,Full-time,E008,Q2
37,3,Master,Financial Analyst,39170,Jeddah,Full-time,E003,Q6
24,1,PhD,Senior Researcher,72908,Jeddah,Part-time,E015,Q7
55,5,Master,Project Manager,31693,Riyadh,Full-time,E008,Q10
33,10,Master,Consultant,28894,Dammam,Full-time,E015,Q10
33,5,High School,Janitor,6759,Dammam,Full-time,E011,Q10
50,20,Master,Project Manager,26683,Riyadh,Full-time,E013,Q8
50,24,PhD,Professor,59567,Dammam,Part-time,E010,Q4
42,16,High School,Waiter,4945,Dammam,Self-employed,E001,Q2
51,2,Master,Senior Engineer,16143,Jeddah,Full-time,E002,Q4
40,2,Bachelor,Designer,15350,Riyadh,Full-time,E008,Q2
22,4,High School,Clerk,4517,Jeddah,Self-employed,E001,Q1
49,3,PhD,Research Director,45310,Jeddah,Full-time,E004,Q4
18,25,PhD,Professor,57947,Jeddah,Full-time,E003,Q2
33,8,High School,Waiter,6438,Riyadh,Full-time,E006,Q9
30,2,Master,Data Scientist,34869,Jeddah,Full-time,E005,Q5
42,23,Master,Consultant,29098,Dammam,Full-time,E009,Q9
46,14,PhD,Scientist,53611,Jeddah,Self-employed,E001,Q9
55,22,Master,Project Manager,30713,Jeddah,Full-time,E004,Q10
33,11,Bachelor,Designer,22286,Jeddah,Full-time,E007,Q6
50,30,PhD,Scientist,34598,Dammam,Full-time,E010,Q7
20,23,Master,Senior Engineer,27894,Dammam,Student,E001,Q4
26,2,Diploma,Nurse,11840,Dammam,Full-time,E001,Q5
40,5,Diploma,Receptionist,9682,Dammam,Full-time,E004,Q8
48,67,Bachelor,Designer,21022,Riyadh,Full-time,E010,Q2
28,5,Master,Data Scientist,21080,Dammam,Part-time,E010,Q5
40,2,Master,Data Scientist,21929,Riyadh,Full-time,E014,Q6
32,6,Diploma,Nurse,9942,Jeddah,Full-time,E003,Q6
37,1,Bachelor,Teacher,21913,Riyadh,Full-time,E003,Q2
41,10,Master,Researcher,31105,Dammam,Part-time,E012,Q7
30,4,Diploma,Technician,11185,Jeddah,Self-employed,E008,Q4
40,12,Bachelor,Teacher,12922,Dammam,Part-time,E009,Q4
28,9,Master,Consultant,30424,Dammam,Full-time,E005,Q9
34,10,Master,Researcher,39330,Jeddah,Full-time,E005,Q3
32,8,Diploma,Lab Technician,11084,Jeddah,Full-time,E015,Q8
37,10,Diploma,Administrative Assistant,8912,Riyadh,Full-time,E003,Q4
31,2,Master,Financial Analyst,33887,Riyadh,Part-time,E008,Q1
35,8,Diploma,Lab Technician,11069,Dammam,Full-time,E004,Q8
30,9,Diploma,Lab Technician,8682,Dammam,Self-employed,E014,Q4
19,10,PhD,Senior Researcher,60465,Jeddah,Full-time,E014,Q5
31,4,Bachelor,Designer,22447,Riyadh,Self-employed,E001,Q8
28,0,High School,Clerk,6665,Riyadh,Full-time,E005,Q7
55,8,PhD,Department Head,39611,Riyadh,Full-time,E013,Q6
28,4,Master,Project Manager,26742,Riyadh,Full-time,E014,Q4
14,8,Bachelor,Analyst,24264,Riyadh,Part-time,E011,Q7
43,16,Master,Researcher,17750,Dammam,Full-time,E013,Q10
25,5,Master,Senior Engineer,16192,Dammam,Full-time,E013,Q8
24,5,Bachelor,Accountant,10673,Dammam,Full-time,E005,Q5
22,3,PhD,Senior Researcher,68495,Jeddah,Full-time,E008,Q6
37,11,Bachelor,HR Officer,22507,Jeddah,Full-time,E002,Q9
32,12,Diploma,Nurse,7557,Riyadh,Full-time,E007,Q6
23,0,Bachelor,Marketing Specialist,20747,Riyadh,Full-time,E006,Q10
40,7,High School,Waiter,6200,Jeddah,Full-time,E008,Q9
49,28,Diploma,Nurse,44264,Riyadh,Unemployed,E003,Q3
37,3,Master,Researcher,39742,Dammam,Part-time,E015,Q10
47,11,Master,Researcher,22799,Jeddah,Full-time,E012,Q10
30,5,PhD,Scientist,58966,Riyadh,Full-time,E001,Q3
32,8,High School,Driver,4999,Dammam,Full-time,E004,Q4
27,7,High School,Waiter,7358,Riyadh,Full-time,E011,Q6
39,9,Master,Consultant,15265,Riyadh,Full-time,E005,Q8
20,11,PhD,Senior Researcher,66091,Riyadh,Student,E011,Q5
44,1,PhD,Department Head,51373,Dammam,Self-employed,E011,Q5
20,1,High School,Security Guard,4581,Jeddah,Self-employed,E011,Q4
21,22,High School,Janitor,6754,Riyadh,Student,E009,Q4
54,27,Master,Financial Analyst,31838,Jeddah,Full-time,E009,Q1
34,12,Master,Project Manager,45727,Dammam,Unemployed,E013,Q4
30,5,Master,Data Scientist,31095,Dammam,Part-time,E001,Q4
42,47,PhD,Senior Researcher,46455,Dammam,Part-time,E015,Q1
74,11,PhD,Senior Researcher,36056,Dammam,Full-time,E008,Q7
47,16,High School,Waiter,7156,Riyadh,Full-time,E004,Q7
31,6,Master,Financial Analyst,0,Riyadh,Full-time,E013,Q2
19,11,Diploma,Administrative Assistant,10531,Jeddah,Student,E006,Q8
41,2,Master,Senior Engineer,21646,Dammam,Part-time,E006,Q8
52,23,Bachelor,Marketing Specialist,18400,Jeddah,Full-time,E001,Q10
28,7,High School,Cashier,4749,Riyadh,Full-time,E007,Q9
36,3,PhD,Research Director,48867,Riyadh,Full-time,E007,Q3
41,17,Master,Researcher,27697,Dammam,Full-time,E008,Q2
37,17,Diploma,Lab Technician,0,Riyadh,Full-time,E002,Q2
50,16,Diploma,Nurse,8923,Jeddah,Full-time,E005,Q4
50,29,PhD,Department Head,0,Riyadh,Full-time,E010,Q3
14,26,PhD,Department Head,32677,Jeddah,Full-time,E005,Q2
28,2,PhD,Research Director,61486,Dammam,Full-time,E013,Q2
28,2,High School,Worker,6626,Dammam,Full-time,E006,Q10
29,2,PhD,Research Director,41007,Riyadh,Full-time,E015,Q7
34,10,Bachelor,Analyst,15437,Riyadh,Full-time,E010,Q9
57,25,PhD,Research Director,68032,Jeddah,Part-time,E009,Q1
32,2,Diploma,Receptionist,0,Riyadh,Full-time,E014,Q9
24,5,Bachelor,Teacher,22076,Riyadh,Full-time,E008,Q9
91,8,Bachelor,Designer,8593,Jeddah,Self-employed,E005,Q4
24,3,High School,Waiter,0,Dammam,Part-time,E015,Q8
47,13,PhD,Senior Researcher,54736,Riyadh,Part-time,E006,Q3
16,3,Diploma,Receptionist,8515,Riyadh,Full-time,E009,Q8
27,2,Master,Senior Engineer,39571,Riyadh,Full-time,E014,Q1
44,20,Bachelor,Designer,10440,Jeddah,Part-time,E002,Q10
26,3,High School,Janitor,7329,Dammam,Full-time,E015,Q10
36,1,Master,Project Manager,24005,Riyadh,Part-time,E001,Q7
22,0,Bachelor,Teacher,24917,Dammam,Full-time,E009,Q8
19,0,High School,Cashier,3726,Riyadh,Full-time,E005,Q8
55,18,PhD,Department Head,59228,Jeddah,Part-time,E005,Q2
50,27,Diploma,Administrative Assistant,8433,Jeddah,Full-time,E012,Q8
89,14,Diploma,Nurse,6375,Jeddah,Full-time,E002,Q2
28,10,Master,Senior Engineer,21024,Riyadh,Full-time,E010,Q3
23,3,Bachelor,Marketing Specialist,16215,Jeddah,Full-time,E014,Q2
54,12,Master,Consultant,23516,Dammam,Full-time,E011,Q3
51,23,Master,Data Scientist,25522,Jeddah,Full-time,E014,Q10
93,13,PhD,Scientist,26031,Riyadh,Full-time,E005,Q7
23,2,High School,Professor,60399,Dammam,Part-time,E015,Q2
30,5,High School,Clerk,30113,Riyadh,Unemployed,E008,Q2
31,1,High School,Clerk,7581,Jeddah,Part-time,E003,Q9
19,16,Diploma,Nurse,7633,Dammam,Student,E007,Q8
34,3,PhD,Cashier,5709,Riyadh,Full-time,E007,Q4
39,0,Master,Senior Engineer,33226,Dammam,Self-employed,E009,Q3
48,53,Master,Senior Engineer,18567,Dammam,Full-time,E011,Q3
20,4,PhD,Professor,67277,Riyadh,Part-time,E004,Q6
47,17,Bachelor,Analyst,16164,Jeddah,Part-time,E012,Q7
30,8,Diploma,Lab Technician,10224,Jeddah,Part-time,E015,Q7
27,0,PhD,Janitor,5539,Riyadh,Full-time,E010,Q5
42,19,High School,Driver,4285,Dammam,Self-employed,E002,Q5
20,15,Diploma,Lab Technician,10696,Dammam,Student,E009,Q8
21,2,High School,Janitor,5856,Dammam,Full-time,E008,Q2
27,1,Bachelor,Software Developer,11788,Dammam,Full-time,E007,Q8
24,4,Diploma,Nurse,6491,Riyadh,Full-time,E005,Q3
13,17,Bachelor,Designer,9565,Jeddah,Self-employed,E008,Q7
53,68,Master,Senior Engineer,38511,Jeddah,Full-time,E015,Q5
30,5,Diploma,Technician,9007,Riyadh,Full-time,E001,Q5
29,9,Master,Senior Engineer,30216,Riyadh,Part-time,E002,Q1
58,30,PhD,Senior Researcher,66956,Riyadh,Self-employed,E003,Q10
24,4,High School,Worker,4715,Jeddah,Full-time,E010,Q4
28,46,Bachelor,Marketing Specialist,11750,Jeddah,Full-time,E013,Q3
25,5,Master,Consultant,34932,Riyadh,Self-employed,E015,Q1
45,18,Diploma,Scientist,61031,Jeddah,Part-time,E013,Q6
12,5,PhD,Professor,34171,Riyadh,Self-employed,E006,Q10
38,5,Bachelor,Accountant,14105,Dammam,Full-time,E009,Q8
20,2,High School,Cashier,48544,Dammam,Unemployed,E004,Q9
27,4,Diploma,Technician,9264,Dammam,Full-time,E014,Q2
24,5,Bachelor,Marketing Specialist,16835,Riyadh,Full-time,E012,Q3
29,2,Master,Senior Engineer,25485,Jeddah,Full-time,E015,Q4
28,0,Master,Data Scientist,23132,Jeddah,Self-employed,E014,Q7
23,3,High School,Waiter,6805,Riyadh,Full-time,E011,Q8
40,15,Diploma,Lab Technician,9516,Dammam,Full-time,E011,Q4
30,5,Diploma,Lab Technician,9400,Riyadh,Full-time,E001,Q4
29,11,Master,Consultant,19065,Dammam,Full-time,E011,Q9
30,5,Diploma,Technician,10523,Jeddah,Part-time,E001,Q7
32,43,Diploma,Receptionist,7075,Dammam,Full-time,E009,Q10
93,6,High School,Clerk,4480,Jeddah,Full-time,E007,Q10
43,15,Master,Consultant,32470,Dammam,Full-time,E008,Q2
30,8,Diploma,Technician,9877,Riyadh,Full-time,E003,Q9
14,3,Diploma,Nurse,11400,Jeddah,Full-time,E002,Q3
23,1,Bachelor,HR Officer,15805,Riyadh,Full-time,E003,Q7
54,10,Master,Project Manager,37251,Riyadh,Part-time,E011,Q6
50,0,PhD,Department Head,35157,Jeddah,Full-time,E003,Q4
50,3,Diploma,Administrative Assistant,5442,Jeddah,Full-time,E013,Q4
40,13,Diploma,Receptionist,11600,Jeddah,Part-time,E001,Q9
16,7,High School,Worker,4304,Jeddah,Full-time,E003,Q1
23,5,Bachelor,Marketing Specialist,18144,Riyadh,Full-time,E005,Q8
47,26,Master,Researcher,39909,Riyadh,Full-time,E005,Q1
52,32,Master,Researcher,18909,Dammam,Self-employed,E010,Q9
33,11,Master,Project Manager,17868,Jeddah,Full-time,E014,Q10
14,0,Master,Researcher,26580,Dammam,Full-time,E001,Q9
41,3,High School,Cashier,3777,Riyadh,Full-time,E004,Q1
45,11,Master,Consultant,0,Dammam,Full-time,E014,Q3
58,30,PhD,Professor,31269,Jeddah,Full-time,E014,Q8
18,3,PhD,Professor,75180,Jeddah,Full-time,E014,Q8
37,2,Bachelor,Analyst,19510,Jeddah,Full-time,E005,Q10
22,2,Diploma,Lab Technician,5917,Riyadh,Full-time,E009,Q9
31,8,High School,Cashier,4707,Dammam,Full-time,E001,Q8
51,29,Bachelor,Marketing Specialist,11097,Dammam,Full-time,E011,Q8
55,16,PhD,Research Director,51042,Riyadh,Full-time,E010,Q2
12,4,High School,Clerk,7540,Riyadh,Full-time,E006,Q3
27,0,Bachelor,Software Developer,15029,Jeddah,Full-time,E015,Q4
37,47,PhD,Department Head,56113,Riyadh,Full-time,E002,Q9
22,13,High School,Security Guard,4674,Jeddah,Student,E015,Q9
76,13,Bachelor,Accountant,17515,Jeddah,Self-employed,E011,Q6
52,34,High School,Professor,40944,Riyadh,Full-time,E010,Q3
47,66,Master,Project Manager,21540,Dammam,Full-time,E015,Q1
37,16,Master,Researcher,27359,Jeddah,Part-time,E007,Q8
40,9,High School,Driver,4814,Riyadh,Part-time,E002,Q2
26,4,PhD,Security Guard,5731,Dammam,Full-time,E006,Q7
29,10,High School,Driver,4124,Dammam,Full-time,E002,Q4
48,19,Master,Financial Analyst,30096,Riyadh,Full-time,E013,Q3
42,17,High School,Worker,6901,Riyadh,Self-employed,E005,Q4
21,11,Master,Financial Analyst,25761,Dammam,Student,E004,Q7
32,8,PhD,Professor,64519,Dammam,Full-time,E015,Q2
34,13,Bachelor,Analyst,17105,Jeddah,Full-time,E002,Q2
45,16,Diploma,Administrative Assistant,6765,Dammam,Full-time,E014,Q7
25,1,High School,Cashier,4702,Riyadh,Full-time,E010,Q1
48,23,High School,Security Guard,7659,Dammam,Self-employed,E012,Q5
46,2,Master,Project Manager,37931,Jeddah,Full-time,E002,Q6
26,6,PhD,Waiter,5539,Jeddah,Part-time,E004,Q6
28,6,Diploma,Lab Technician,11605,Dammam,Full-time,E014,Q8
19,0,High School,Cashier,5031,Dammam,Full-time,E002,Q4
30,12,High School,Scientist,63644,Riyadh,Full-time,E002,Q9
32,7,High School,Worker,7342,Dammam,Self-employed,E008,Q6
22,2,Bachelor,Teacher,14975,Jeddah,Full-time,E004,Q3
25,6,High School,Worker,38712,Jeddah,Unemployed,E015,Q8
21,0,High School,Worker,4667,Dammam,Full-time,E005,Q3
35,3,High School,Waiter,4045,Dammam,Full-time,E008,Q7
46,27,Master,Senior Engineer,33760,Dammam,Full-time,E009,Q4
56,8,PhD,Research Director,65393,Dammam,Full-time,E003,Q6
47,29,High School,Security Guard,7979,Dammam,Self-employed,E011,Q2
12,6,Bachelor,Software Developer,17645,Jeddah,Full-time,E004,Q6
25,1,Bachelor,Analyst,40514,Dammam,Unemployed,E004,Q6
48,18,PhD,Janitor,5487,Dammam,Full-time,E014,Q9
29,2,PhD,Department Head,37939,Dammam,Self-employed,E008,Q7
34,15,High School,Worker,5886,Dammam,Full-time,E003,Q2
32,7,Master,Financial Analyst,27177,Riyadh,Part-time,E010,Q1
21,2,High School,Waiter,5028,Jeddah,Full-time,E002,Q3
34,40,Master,Data Scientist,17977,Jeddah,Self-employed,E014,Q5
36,1,High School,Security Guard,3624,Jeddah,Self-employed,E013,Q2
21,22,PhD,Professor,51032,Dammam,Full-time,E009,Q1
32,2,High School,Clerk,4215,Dammam,Full-time,E010,Q5
39,5,High School,Janitor,79232,Riyadh,Unemployed,E011,Q8
34,8,PhD,Waiter,4158,Dammam,Full-time,E012,Q4
82,5,Bachelor,Marketing Specialist,8944,Dammam,Part-time,E002,Q2
38,15,Bachelor,Accountant,20673,Jeddah,Part-time,E006,Q5
42,23,Diploma,Nurse,11587,Riyadh,Full-time,E014,Q10
48,3,Diploma,Technician,0,Jeddah,Full-time,E013,Q7
30,4,PhD,Research Director,57135,Dammam,Full-time,E013,Q9
43,21,Bachelor,Marketing Specialist,49621,Jeddah,Unemployed,E010,Q2
53,32,Master,Consultant,36855,Riyadh,Full-time,E012,Q3
19,0,High School,Cashier,80261,Dammam,Unemployed,E011,Q6
43,23,Bachelor,HR Officer,9320,Riyadh,Full-time,E013,Q2
34,53,PhD,Research Director,53084,Riyadh,Full-time,E008,Q8
30,5,Bachelor,Teacher,11924,Jeddah,Full-time,E001,Q3
33,8,Bachelor,Analyst,16524,Jeddah,Full-time,E001,Q8
38,10,Bachelor,Designer,9024,Riyadh,Self-employed,E014,Q5
13,3,Master,Financial Analyst,39377,Dammam,Full-time,E002,Q3
45,20,High School,Professor,51194,Riyadh,Full-time,E006,Q9
36,1,PhD,Scientist,35895,Riyadh,Full-time,E003,Q5
49,28,Master,Project Manager,39709,Jeddah,Part-time,E001,Q3
76,8,Bachelor,Designer,24283,Jeddah,Full-time,E006,Q10
50,15,Bachelor,Accountant,22121,Dammam,Full-time,E013,Q2
37,8,High School,Waiter,4836,Dammam,Self-employed,E004,Q10
39,0,Diploma,Research Director,72482,Dammam,Part-time,E010,Q3
35,17,Diploma,Nurse,67907,Jeddah,Unemployed,E015,Q7
40,9,Master,Data Scientist,38536,Riyadh,Full-time,E001,Q10
39,19,High School,Janitor,7689,Riyadh,Part-time,E005,Q2
40,15,High School,Driver,6748,Dammam,Full-time,E006,Q1
26,1,Diploma,Receptionist,6238,Dammam,Part-time,E007,Q8
37,2,High School,Janitor,3609,Jeddah,Part-time,E011,Q8
48,3,PhD,Scientist,30783,Dammam,Unemployed,E014,Q9
39,2,Master,Consultant,35043,Riyadh,Full-time,E003,Q2
21,1,High School,Clerk,3441,Riyadh,Full-time,E013,Q1
46,13,Diploma,Receptionist,6973,Jeddah,Full-time,E002,Q9
36,1,Bachelor,Software Developer,15613,Jeddah,Part-time,E006,Q10
72,24,Master,Consultant,34914,Jeddah,Full-time,E013,Q9
43,9,Diploma,Administrative Assistant,7596,Jeddah,Part-time,E012,Q1
31,12,High School,Worker,5313,Riyadh,Full-time,E015,Q1
28,5,PhD,Department Head,53410,Riyadh,Full-time,E008,Q10
40,15,Bachelor,HR Officer,21576,Riyadh,Full-time,E010,Q7
19,2,PhD,Professor,68061,Riyadh,Part-time,E014,Q5
47,12,Diploma,Scientist,42526,Riyadh,Full-time,E007,Q1
58,7,PhD,Department Head,66251,Jeddah,Full-time,E010,Q6
44,4,PhD,Security Guard,3036,Dammam,Part-time,E002,Q9
30,8,PhD,Professor,42640,Jeddah,Self-employed,E007,Q2
33,14,Master,Financial Analyst,38193,Dammam,Full-time,E001,Q10
30,5,PhD,Scientist,39156,Dammam,Full-time,E001,Q7
48,11,Master,Project Manager,23369,Dammam,Full-time,E002,Q4
21,0,High School,Driver,5699,Dammam,Part-time,E001,Q4
42,4,Master,Project Manager,60716,Riyadh,Unemployed,E010,Q7
49,29,Master,Financial Analyst,28093,Dammam,Part-time,E002,Q3
36,8,Bachelor,Designer,12566,Dammam,Self-employed,E004,Q9
30,0,PhD,Research Director,27027,Dammam,Full-time,E008,Q10
35,3,Bachelor,Software Developer,14383,Dammam,Full-time,E008,Q3
36,11,PhD,Scientist,39003,Dammam,Unemployed,E006,Q9
42,6,Master,Project Manager,26934,Riyadh,Full-time,E012,Q3
48,8,Master,Project Manager,24264,Riyadh,Part-time,E013,Q7
49,31,PhD,Professor,62966,Dammam,Full-time,E001,Q4
28,0,PhD,Research Director,34721,Riyadh,Full-time,E006,Q3
21,27,PhD,Professor,78975,Riyadh,Self-employed,E003,Q10
58,14,PhD,Research Director,61698,Dammam,Full-time,E015,Q5
36,14,Diploma,Administrative Assistant,10870,Riyadh,Full-time,E008,Q8
26,0,Master,Consultant,20282,Riyadh,Full-time,E010,Q8
50,5,PhD,Janitor,5758,Jeddah,Full-time,E012,Q2
36,4,PhD,Security Guard,4064,Jeddah,Self-employed,E001,Q4
48,24,PhD,Professor,57783,Jeddah,Self-employed,E011,Q10
25,7,Bachelor,Teacher,18391,Jeddah,Full-time,E002,Q2
43,11,PhD,Janitor,3167,Riyadh,Full-time,E010,Q2
32,12,Bachelor,Software Developer,17774,Jeddah,Full-time,E015,Q3
44,11,Diploma,Research Director,61407,Dammam,Full-time,E015,Q5
28,4,High School,Professor,68598,Jeddah,Full-time,E009,Q2
44,5,High School,Waiter,3435,Jeddah,Full-time,E002,Q10
46,56,High School,Cashier,5210,Dammam,Full-time,E012,Q1
45,23,Bachelor,Teacher,10431,Jeddah,Self-employed,E005,Q9
43,2,Diploma,Receptionist,11668,Dammam,Full-time,E013,Q10
24,33,PhD,Senior Researcher,50316,Dammam,Self-employed,E004,Q5
24,6,High School,Clerk,4603,Jeddah,Full-time,E001,Q4
50,6,Master,Project Manager,44435,Dammam,Unemployed,E010,Q4
35,43,Diploma,Nurse,6573,Riyadh,Full-time,E005,Q8
48,6,High School,Janitor,5285,Dammam,Full-time,E007,Q2
45,16,Diploma,Nurse,10962,Dammam,Self-employed,E011,Q5
45,21,PhD,Scientist,37337,Riyadh,Full-time,E004,Q8
52,23,Master,Senior Engineer,23309,Dammam,Part-time,E014,Q1
49,12,Master,Senior Engineer,33362,Jeddah,Full-time,E001,Q10
30,8,Bachelor,Analyst,18131,Dammam,Full-time,E015,Q5
52,9,Master,Data Scientist,31757,Jeddah,Full-time,E007,Q5
50,3,PhD,Cashier,5904,Dammam,Full-time,E010,Q8
92,2,Bachelor,Accountant,15779,Riyadh,Full-time,E015,Q10
31,1,Master,Data Scientist,31212,Dammam,Full-time,E015,Q2
33,14,PhD,Senior Researcher,44916,Jeddah,Full-time,E008,Q3
91,21,Diploma,Nurse,6933,Jeddah,Part-time,E009,Q2
40,10,Diploma,Technician,0,Dammam,Full-time,E008,Q9
31,10,Diploma,Administrative Assistant,7870,Dammam,Full-time,E002,Q6
19,18,Master,Project Manager,24177,Dammam,Student,E007,Q7
18,14,High School,Driver,5952,Riyadh,Student,E013,Q3
36,4,Master,Consultant,38538,Riyadh,Full-time,E011,Q8
23,5,Bachelor,Analyst,17481,Jeddah,Self-employed,E012,Q5
39,16,PhD,Scientist,38019,Dammam,Full-time,E015,Q2
50,29,Bachelor,Accountant,19841,Riyadh,Full-time,E001,Q2
37,0,Diploma,Nurse,7185,Dammam,Full-time,E003,Q4
39,19,Diploma,Receptionist,11856,Jeddah,Part-time,E009,Q7
24,4,High School,Clerk,7550,Dammam,Full-time,E015,Q2
28,6,High School,Clerk,5328,Jeddah,Full-time,E013,Q10
49,27,Diploma,Scientist,52858,Dammam,Full-time,E006,Q8
33,3,Master,Senior Engineer,27988,Jeddah,Full-time,E015,Q6
19,24,PhD,Professor,68116,Dammam,Self-employed,E014,Q9
47,23,PhD,Research Director,42946,Jeddah,Full-time,E007,Q2
30,5,High School,Cashier,6177,Dammam,Full-time,E001,Q6
20,2,Diploma,Lab Technician,11363,Jeddah,Self-employed,E010,Q8
39,2,PhD,Department Head,43723,Riyadh,Full-time,E011,Q3
21,0,High School,Driver,3454,Dammam,Full-time,E003,Q10
22,2,Diploma,Technician,9512,Dammam,Full-time,E002,Q10
46,8,Diploma,Technician,11688,Dammam,Self-employed,E008,Q10
39,21,PhD,Department Head,38970,Jeddah,Full-time,E010,Q10
28,9,Diploma,Receptionist,10857,Riyadh,Self-employed,E008,Q4
35,4,PhD,Senior Researcher,48970,Dammam,Unemployed,E006,Q6
22,18,High School,Cashier,4516,Jeddah,Student,E009,Q7
38,16,PhD,Scientist,60602,Riyadh,Full-time,E014,Q5
23,3,Bachelor,Software Developer,23258,Riyadh,Full-time,E015,Q5
15,26,Master,Financial Analyst,36674,Riyadh,Full-time,E005,Q9
77,3,Master,Researcher,21387,Riyadh,Self-employed,E010,Q8
82,5,Diploma,Administrative Assistant,6457,Jeddah,Part-time,E011,Q5
49,20,High School,Scientist,65215,Riyadh,Part-time,E012,Q9
37,4,PhD,Scientist,52290,Jeddah,Full-time,E010,Q7
42,7,Master,Data Scientist,23368,Riyadh,Full-time,E010,Q10
45,24,Diploma,Surgeon,61822,Riyadh,Full-time,E013,Q7
88,12,Bachelor,Analyst,9914,Riyadh,Full-time,E001,Q2
22,13,PhD,Department Head,51555,Jeddah,Student,E011,Q7
23,2,High School,Janitor,5588,Jeddah,Full-time,E004,Q3
35,1,High School,Driver,6950,Dammam,Full-time,E003,Q3
30,5,High School,Security Guard,5435,Jeddah,Full-time,E001,Q5
16,6,Bachelor,Marketing Specialist,20544,Riyadh,Part-time,E011,Q5
46,22,Master,Researcher,20720,Jeddah,Full-time,E002,Q7
31,11,High School,Security Guard,3767,Jeddah,Full-time,E004,Q9
30,7,High School,Clerk,7232,Jeddah,Full-time,E012,Q2
49,7,Bachelor,Designer,20233,Jeddah,Full-time,E008,Q10
39,7,Bachelor,HR Officer,14207,Dammam,Full-time,E012,Q5
35,14,PhD,Department Head,53564,Riyadh,Full-time,E009,Q9
47,18,High School,Cashier,5667,Riyadh,Self-employed,E004,Q9
30,5,Bachelor,Software Developer,17027,Dammam,Full-time,E001,Q1
39,11,PhD,Department Head,0,Riyadh,Part-time,E007,Q3
29,1,PhD,Professor,58641,Dammam,Full-time,E005,Q9
42,23,Bachelor,HR Officer,0,Jeddah,Full-time,E014,Q2
21,1,Diploma,Administrative Assistant,11658,Dammam,Full-time,E010,Q5
45,26,PhD,Professor,50983,Riyadh,Full-time,E009,Q1
54,18,PhD,Research Director,54652,Riyadh,Full-time,E008,Q3
24,3,Bachelor,Software Developer,22584,Dammam,Self-employed,E002,Q7
19,25,PhD,Scientist,59249,Dammam,Student,E015,Q7
29,11,High School,Cashier,3026,Jeddah,Full-time,E003,Q3
32,42,High School,Worker,3678,Dammam,Full-time,E001,Q8
40,12,High School,Security Guard,3026,Jeddah,Full-time,E002,Q10
50,12,Bachelor,Accountant,11607,Riyadh,Part-time,E015,Q5
48,3,Master,Data Scientist,39991,Jeddah,Full-time,E002,Q3
50,14,Master,Project Manager,31737,Dammam,Full-time,E014,Q2
48,21,High School,Security Guard,0,Jeddah,Full-time,E002,Q9
40,0,PhD,Professor,38201,Dammam,Full-time,E014,Q1
25,6,Bachelor,Teacher,13430,Dammam,Full-time,E014,Q3
27,6,Diploma,Administrative Assistant,7753,Jeddah,Full-time,E010,Q9
20,21,High School,Janitor,5494,Jeddah,Student,E007,Q1
42,16,Master,Data Scientist,24842,Dammam,Full-time,E003,Q9
37,16,Diploma,Technician,8050,Riyadh,Part-time,E008,Q4
21,1,High School,Worker,5403,Jeddah,Full-time,E013,Q7
14,13,Master,Researcher,19392,Jeddah,Full-time,E014,Q7
49,30,PhD,Scientist,63768,Riyadh,Full-time,E010,Q6
23,2,PhD,Senior Researcher,53036,Riyadh,Full-time,E014,Q1
33,9,Bachelor,Teacher,23763,Dammam,Full-time,E013,Q2
26,3,Diploma,Scientist,43858,Jeddah,Full-time,E008,Q7
34,39,High School,Janitor,3812,Dammam,Full-time,E007,Q10
40,21,High School,Surgeon,62840,Riyadh,Full-time,E005,Q10
34,0,Master,Researcher,31744,Jeddah,Full-time,E002,Q9
22,3,High School,Driver,7501,Dammam,Full-time,E001,Q6
39,7,Master,Senior Engineer,55366,Jeddah,Unemployed,E004,Q8
23,9,PhD,Professor,73812,Riyadh,Self-employed,E011,Q7
51,9,Bachelor,Analyst,22359,Riyadh,Full-time,E005,Q3
74,9,PhD,Scientist,49029,Jeddah,Full-time,E011,Q6
52,21,PhD,Professor,59962,Dammam,Self-employed,E009,Q6
40,22,Bachelor,Designer,12051,Jeddah,Full-time,E015,Q3
45,8,High School,Waiter,4701,Jeddah,Part-time,E009,Q4
52,27,Master,Financial Analyst,23372,Riyadh,Full-time,E005,Q9
29,2,Bachelor,Designer,15924,Jeddah,Part-time,E010,Q2
41,17,PhD,Research Director,27326,Riyadh,Full-time,E001,Q10
89,12,Diploma,Receptionist,10465,Riyadh,Self-employed,E010,Q2
38,18,PhD,Security Guard,3844,Dammam,Part-time,E002,Q8
49,9,Diploma,Administrative Assistant,72340,Dammam,Unemployed,E013,Q4
53,2,Master,Consultant,22920,Dammam,Full-time,E003,Q4
31,11,High School,Driver,4676,Dammam,Full-time,E003,Q9
95,1,Master,Data Scientist,16045,Jeddah,Part-time,E002,Q10
39,6,Bachelor,Designer,14817,Jeddah,Full-time,E006,Q6
37,2,High School,Clerk,7349,Jeddah,Full-time,E009,Q5
46,5,High School,Driver,4342,Dammam,Self-employed,E003,Q7
52,17,Master,Project Manager,21888,Dammam,Full-time,E015,Q1
30,11,Master,Project Manager,22507,Riyadh,Full-time,E009,Q5
19,24,High School,Worker,4630,Riyadh,Student,E005,Q5
40,5,Diploma,Nurse,9295,Dammam,Self-employed,E010,Q7
25,0,Bachelor,Software Developer,18451,Jeddah,Full-time,E005,Q7
46,24,High School,Cashier,5019,Riyadh,Full-time,E014,Q6
51,11,Bachelor,Designer,11607,Riyadh,Part-time,E014,Q2
30,5,Diploma,Administrative Assistant,5204,Dammam,Full-time,E001,Q10
28,9,PhD,Department Head,32418,Jeddah,Full-time,E003,Q1
50,7,Master,Data Scientist,32378,Jeddah,Full-time,E014,Q1
95,12,Diploma,Administrative Assistant,5985,Jeddah,Self-employed,E008,Q8
34,11,Diploma,Lab Technician,8313,Riyadh,Self-employed,E009,Q10
27,1,PhD,Waiter,6363,Riyadh,Full-time,E006,Q3
28,10,Bachelor,Marketing Specialist,8781,Dammam,Full-time,E001,Q10
25,3,High School,Cashier,7518,Dammam,Full-time,E015,Q2
42,3,High School,Professor,71477,Jeddah,Full-time,E006,Q1
26,2,Bachelor,Software Developer,23983,Riyadh,Full-time,E013,Q4
34,9,Master,Data Scientist,22219,Riyadh,Full-time,E011,Q2
23,0,High School,Clerk,6057,Dammam,Full-time,E007,Q6
30,4,Master,Researcher,35283,Dammam,Full-time,E004,Q2
22,0,Diploma,Nurse,72951,Dammam,Unemployed,E001,Q10
31,10,Master,Project Manager,29033,Riyadh,Full-time,E008,Q2
39,18,PhD,Waiter,6002,Jeddah,Full-time,E011,Q3
30,9,Bachelor,Software Developer,12906,Dammam,Full-time,E002,Q7
89,1,High School,Worker,5327,Dammam,Full-time,E006,Q5
28,8,PhD,Professor,41988,Dammam,Self-employed,E003,Q2
21,3,PhD,Professor,73627,Dammam,Full-time,E006,Q9
47,1,Bachelor,HR Officer,0,Riyadh,Full-time,E015,Q7
39,21,PhD,Department Head,69312,Jeddah,Part-time,E003,Q7
27,5,High School,Security Guard,6993,Riyadh,Full-time,E008,Q10
26,3,Master,Project Manager,35607,Riyadh,Full-time,E014,Q6
42,52,Diploma,Nurse,11283,Jeddah,Full-time,E011,Q5
30,5,Diploma,Administrative Assistant,9134,Dammam,Full-time,E003,Q9
31,46,PhD,Research Director,32532,Riyadh,Part-time,E013,Q2
43,15,PhD,Senior Researcher,46522,Dammam,Full-time,E008,Q2
47,27,PhD,Cashier,3793,Jeddah,Full-time,E014,Q8
12,1,Diploma,Technician,6842,Riyadh,Full-time,E010,Q4
48,2,High School,Waiter,0,Riyadh,Full-time,E008,Q4
47,28,Diploma,Technician,6044,Riyadh,Full-time,E005,Q5
42,14,Master,Researcher,19042,Riyadh,Part-time,E009,Q1
18,0,High School,Clerk,6311,Dammam,Full-time,E011,Q8
46,18,Diploma,Administrative Assistant,10606,Riyadh,Self-employed,E001,Q6
48,0,PhD,Professor,60557,Dammam,Full-time,E006,Q2
22,1,Bachelor,Teacher,14984,Jeddah,Full-time,E009,Q7
43,6,Diploma,Surgeon,75124,Dammam,Full-time,E005,Q1
38,3,High School,Worker,4828,Jeddah,Full-time,E013,Q9
40,17,Bachelor,HR Officer,51987,Jeddah,Unemployed,E003,Q4
42,10,High School,Waiter,5888,Dammam,Full-time,E011,Q10
31,0,High School,Clerk,4399,Dammam,Full-time,E010,Q7
39,5,PhD,Professor,57596,Jeddah,Full-time,E013,Q10
36,0,Diploma,Administrative Assistant,10797,Jeddah,Full-time,E006,Q7
35,13,PhD,Janitor,6800,Jeddah,Full-time,E011,Q10
22,2,Diploma,Professor,55765,Dammam,Full-time,E006,Q3
29,3,Master,Senior Engineer,33961,Riyadh,Full-time,E007,Q5
26,8,Bachelor,HR Officer,23777,Jeddah,Full-time,E010,Q7
42,19,Bachelor,Analyst,62643,Dammam,Unemployed,E015,Q6
32,4,Diploma,Lab Technician,7238,Jeddah,Full-time,E004,Q10
32,9,PhD,Scientist,49199,Dammam,Full-time,E006,Q5
25,2,High School,Worker,4182,Jeddah,Full-time,E008,Q7
21,12,PhD,Professor,73469,Dammam,Full-time,E014,Q8
38,4,Master,Researcher,20403,Jeddah,Self-employed,E010,Q3
44,3,PhD,Department Head,30766,Dammam,Full-time,E002,Q7
24,4,Diploma,Technician,8537,Riyadh,Part-time,E012,Q9
95,4,High School,Waiter,3803,Riyadh,Full-time,E005,Q2
35,3,Master,Consultant,17927,Riyadh,Part-time,E014,Q9
48,23,PhD,Research Director,55853,Jeddah,Full-time,E002,Q6
24,0,Bachelor,Accountant,18125,Dammam,Full-time,E003,Q1
29,2,Bachelor,Marketing Specialist,23985,Riyadh,Full-time,E009,Q9
38,57,PhD,Senior Researcher,59847,Riyadh,Full-time,E006,Q7
32,12,High School,Worker,5768,Riyadh,Full-time,E013,Q10
19,22,PhD,Research Director,32175,Jeddah,Student,E011,Q5
41,10,Bachelor,Teacher,12363,Dammam,Full-time,E009,Q4
26,7,Master,Consultant,23592,Jeddah,Full-time,E010,Q3
34,8,Diploma,Administrative Assistant,8899,Dammam,Full-time,E002,Q2
37,0,PhD,Waiter,6061,Riyadh,Full-time,E002,Q1
19,2,PhD,Professor,56239,Jeddah,Full-time,E011,Q8
44,8,PhD,Security Guard,4269,Riyadh,Full-time,E005,Q9
21,17,High School,Worker,5327,Riyadh,Student,E015,Q1
19,0,High School,Janitor,7097,Jeddah,Part-time,E008,Q5
28,6,Bachelor,Accountant,11285,Riyadh,Full-time,E001,Q7
37,19,Master,Project Manager,29621,Dammam,Full-time,E008,Q10
24,16,PhD,Professor,63541,Jeddah,Full-time,E015,Q5
34,4,Master,Senior Engineer,31719,Riyadh,Self-employed,E003,Q5
42,20,PhD,Department Head,30217,Dammam,Full-time,E001,Q9
46,16,Bachelor,Analyst,16548,Jeddah,Full-time,E002,Q7
20,1,PhD,Senior Researcher,63532,Riyadh,Part-time,E001,Q10
37,16,Diploma,Receptionist,5577,Dammam,Full-time,E015,Q8
52,19,High School,Surgeon,49904,Riyadh,Full-time,E009,Q3
20,21,High School,Driver,6819,Dammam,Student,E013,Q3
24,2,PhD,Professor,78380,Jeddah,Full-time,E008,Q1
34,6,Bachelor,Software Developer,23192,Jeddah,Self-employed,E005,Q5
35,10,High School,Security Guard,5881,Riyadh,Full-time,E015,Q5
30,5,Bachelor,HR Officer,15828,Riyadh,Full-time,E001,Q2
40,1,High School,Driver,6202,Riyadh,Full-time,E002,Q3
57,4,PhD,Research Director,40576,Riyadh,Part-time,E012,Q2
39,19,Bachelor,Analyst,8343,Riyadh,Full-time,E014,Q8
95,6,High School,Driver,6091,Riyadh,Full-time,E011,Q2
27,8,Diploma,Nurse,10321,Dammam,Full-time,E006,Q9
26,8,Diploma,Lab Technician,8160,Riyadh,Full-time,E004,Q5
22,11,Master,Senior Engineer,35281,Jeddah,Student,E005,Q6
20,1,PhD,Professor,62279,Jeddah,Full-time,E010,Q7
92,32,Bachelor,Analyst,8692,Jeddah,Self-employed,E010,Q8
50,15,Bachelor,Teacher,10528,Dammam,Self-employed,E015,Q5
47,18,High School,Worker,78075,Dammam,Unemployed,E015,Q3
45,22,Diploma,Administrative Assistant,6790,Riyadh,Self-employed,E014,Q6
35,17,PhD,Scientist,29695,Dammam,Full-time,E002,Q1
23,4,Bachelor,Designer,12933,Dammam,Self-employed,E010,Q1
37,2,Bachelor,Marketing Specialist,20932,Jeddah,Part-time,E012,Q2
22,21,Master,Researcher,22414,Jeddah,Student,E010,Q5
38,2,PhD,Department Head,47635,Jeddah,Full-time,E013,Q5
29,2,Bachelor,Analyst,22812,Dammam,Full-time,E010,Q5
31,12,Master,Data Scientist,32454,Jeddah,Full-time,E015,Q10
21,1,PhD,Janitor,6518,Dammam,Full-time,E002,Q9
45,11,High School,Driver,5199,Riyadh,Self-employed,E011,Q5
30,5,Master,Financial Analyst,35902,Jeddah,Full-time,E012,Q8
43,16,High School,Cashier,6843,Dammam,Full-time,E005,Q6
32,10,Diploma,Lab Technician,11940,Riyadh,Full-time,E002,Q2
13,18,PhD,Senior Researcher,31581,Dammam,Full-time,E010,Q1
33,13,Master,Financial Analyst,37321,Riyadh,Full-time,E012,Q2
35,4,Diploma,Technician,7957,Jeddah,Part-time,E002,Q1
20,1,Diploma,Technician,75467,Jeddah,Unemployed,E015,Q9
39,9,Master,Project Manager,37620,Jeddah,Part-time,E007,Q7
39,12,Master,Researcher,28015,Dammam,Part-time,E015,Q5
48,0,PhD,Cashier,3626,Dammam,Part-time,E013,Q1
38,20,Master,Project Manager,30102,Riyadh,Full-time,E005,Q10
37,1,Master,Researcher,26805,Jeddah,Self-employed,E004,Q9
32,0,Diploma,Technician,10417,Dammam,Part-time,E011,Q1
41,6,Diploma,Technician,6216,Riyadh,Full-time,E012,Q6
29,5,High School,Worker,77697,Riyadh,Unemployed,E013,Q10
46,4,Diploma,Receptionist,0,Jeddah,Full-time,E001,Q7
31,3,Diploma,Receptionist,6748,Jeddah,Full-time,E008,Q6
44,9,High School,Worker,5538,Riyadh,Full-time,E011,Q1
20,13,High School,Driver,7658,Jeddah,Student,E001,Q8
45,16,High School,Janitor,0,Riyadh,Self-employed,E005,Q1
36,18,Master,Researcher,35462,Dammam,Full-time,E010,Q9
43,21,Master,Financial Analyst,32836,Riyadh,Full-time,E010,Q9
47,15,Bachelor,Analyst,66946,Riyadh,Unemployed,E005,Q7
25,4,Master,Senior Engineer,18191,Dammam,Full-time,E014,Q6
35,13,High School,Cashier,3903,Jeddah,Full-time,E006,Q1
46,18,Master,Senior Engineer,32084,Riyadh,Full-time,E011,Q2
27,8,Bachelor,Designer,18995,Riyadh,Full-time,E013,Q1
33,8,Bachelor,Analyst,12299,Jeddah,Full-time,E006,Q3
39,10,Bachelor,Accountant,8130,Jeddah,Full-time,E008,Q7
36,7,Master,Financial Analyst,23192,Dammam,Full-time,E011,Q1
22,4,Bachelor,HR Officer,21066,Riyadh,Full-time,E014,Q6
25,6,PhD,Cashier,6471,Dammam,Full-time,E010,Q5
27,2,Diploma,Administrative Assistant,11449,Dammam,Full-time,E003,Q4
90,4,PhD,Professor,66346,Riyadh,Full-time,E010,Q2
53,20,PhD,Scientist,63752,Riyadh,Part-time,E013,Q4
47,10,PhD,Security Guard,6422,Dammam,Self-employed,E005,Q9
36,11,Diploma,Professor,53198,Riyadh,Full-time,E007,Q2
25,6,High School,Waiter,3235,Dammam,Full-time,E014,Q9
93,0,Bachelor,Teacher,21405,Jeddah,Part-time,E015,Q9
46,11,Master,Senior Engineer,27411,Jeddah,Part-time,E006,Q8
32,12,Diploma,Nurse,9701,Dammam,Full-time,E013,Q5
25,3,Bachelor,Teacher,20232,Riyadh,Part-time,E014,Q6
74,11,Master,Researcher,33203,Dammam,Full-time,E008,Q7
29,10,Bachelor,Analyst,18234,Riyadh,Full-time,E006,Q5
41,4,PhD,Research Director,58432,Jeddah,Full-time,E008,Q4
33,13,Master,Project Manager,25527,Riyadh,Full-time,E013,Q5
44,4,PhD,Security Guard,5903,Jeddah,Self-employed,E008,Q6
32,13,Diploma,Nurse,9553,Jeddah,Full-time,E005,Q4
40,17,High School,Clerk,7618,Dammam,Full-time,E011,Q3
31,0,Diploma,Technician,6707,Jeddah,Full-time,E002,Q1
25,3,Bachelor,Accountant,19080,Riyadh,Self-employed,E006,Q7
53,31,Master,Consultant,27793,Jeddah,Full-time,E012,Q7
44,5,PhD,Security Guard,4051,Dammam,Full-time,E001,Q2
30,0,PhD,Cashier,3080,Jeddah,Full-time,E015,Q2
44,24,High School,Clerk,4800,Dammam,Part-time,E001,Q1
55,15,PhD,Senior Researcher,38491,Jeddah,Full-time,E004,Q5
20,39,Diploma,Lab Technician,7857,Jeddah,Full-time,E002,Q4
35,10,High School,Worker,4935,Jeddah,Full-time,E002,Q4
19,17,Master,Financial Analyst,18375,Jeddah,Student,E014,Q6
46,3,Diploma,Administrative Assistant,0,Dammam,Full-time,E011,Q1
18,25,PhD,Senior Researcher,55540,Riyadh,Full-time,E007,Q1
30,5,Master,Senior Engineer,31989,Riyadh,Full-time,E001,Q7
22,16,High School,Janitor,5836,Riyadh,Student,E011,Q2
28,3,Diploma,Technician,11342,Dammam,Part-time,E008,Q8
34,2,PhD,Senior Researcher,50722,Jeddah,Self-employed,E008,Q9
45,26,Diploma,Receptionist,7349,Riyadh,Part-time,E002,Q1
45,17,High School,Janitor,5953,Jeddah,Part-time,E007,Q1
30,12,Diploma,Technician,10277,Jeddah,Part-time,E010,Q10
31,6,Bachelor,Software Developer,34320,Jeddah,Unemployed,E015,Q3
23,4,High School,Janitor,4766,Jeddah,Self-employed,E011,Q3
45,4,PhD,Professor,57304,Riyadh,Full-time,E010,Q3
38,20,PhD,Professor,55831,Riyadh,Full-time,E006,Q6
40,2,Bachelor,Software Developer,21666,Dammam,Full-time,E011,Q10
21,18,Bachelor,Software Developer,10617,Riyadh,Student,E008,Q2
18,0,High School,Security Guard,4123,Dammam,Self-employed,E009,Q3
30,5,PhD,Research Director,60155,Riyadh,Full-time,E001,Q6
17,13,Diploma,Receptionist,6137,Dammam,Full-time,E006,Q2
46,8,PhD,Senior Researcher,25057,Riyadh,Full-time,E003,Q6
45,61,High School,Security Guard,6785,Jeddah,Full-time,E002,Q3
22,2,Bachelor,Marketing Specialist,19403,Jeddah,Full-time,E001,Q6
29,0,High School,Driver,5315,Jeddah,Full-time,E015,Q3
34,43,PhD,Professor,35120,Jeddah,Full-time,E014,Q10
16,21,Master,Researcher,17940,Jeddah,Self-employed,E007,Q3
95,1,Master,Financial Analyst,34298,Riyadh,Full-time,E013,Q8
30,2,High School,Janitor,5476,Dammam,Full-time,E015,Q3
48,20,Master,Consultant,26180,Riyadh,Part-time,E013,Q10
30,5,Bachelor,HR Officer,15863,Jeddah,Self-employed,E001,Q6
21,3,Diploma,Administrative Assistant,11972,Jeddah,Full-time,E004,Q5
90,22,PhD,Scientist,64433,Jeddah,Full-time,E011,Q3
24,4,Diploma,Nurse,7576,Riyadh,Full-time,E007,Q4
27,7,Bachelor,Marketing Specialist,15652,Jeddah,Full-time,E014,Q9
47,9,PhD,Janitor,5325,Dammam,Full-time,E009,Q2
49,8,Bachelor,Analyst,21959,Dammam,Full-time,E013,Q9
38,18,Master,Senior Engineer,37503,Jeddah,Unemployed,E002,Q10
50,22,Bachelor,Analyst,19799,Jeddah,Full-time,E003,Q4
29,1,Master,Project Manager,23342,Dammam,Full-time,E005,Q1
30,5,High School,Cashier,4495,Riyadh,Full-time,E001,Q9
48,22,High School,Clerk,5916,Dammam,Full-time,E002,Q10
46,23,Bachelor,Teacher,17813,Jeddah,Full-time,E011,Q1
53,28,PhD,Professor,38792,Dammam,Full-time,E002,Q1
37,0,High School,Scientist,75818,Jeddah,Full-time,E011,Q5
56,29,PhD,Scientist,65236,Dammam,Full-time,E001,Q6
36,7,Master,Financial Analyst,29039,Riyadh,Full-time,E006,Q7
17,18,PhD,Research Director,40084,Riyadh,Full-time,E014,Q4
40,3,Diploma,Administrative Assistant,80430,Dammam,Unemployed,E015,Q3
52,20,Master,Financial Analyst,49653,Jeddah,Unemployed,E004,Q3
53,13,Master,Data Scientist,20427,Dammam,Full-time,E007,Q5
12,1,High School,Waiter,3844,Riyadh,Full-time,E013,Q6
46,15,PhD,Professor,56385,Dammam,Unemployed,E004,Q5
31,5,High School,Janitor,5472,Riyadh,Part-time,E015,Q6
48,8,High School,Research Director,58935,Jeddah,Part-time,E003,Q4
21,14,PhD,Scientist,39189,Riyadh,Student,E010,Q9
15,25,Master,Project Manager,28057,Riyadh,Full-time,E007,Q3
57,21,PhD,Scientist,40182,Riyadh,Unemployed,E002,Q5
43,1,Diploma,Technician,0,Riyadh,Self-employed,E009,Q8
42,0,PhD,Security Guard,3631,Dammam,Full-time,E001,Q3
51,24,Master,Senior Engineer,19904,Dammam,Full-time,E005,Q1
25,5,High School,Waiter,3636,Riyadh,Self-employed,E001,Q4
30,9,High School,Clerk,7073,Jeddah,Self-employed,E012,Q10
41,1,High School,Clerk,5827,Riyadh,Part-time,E001,Q10
35,3,High School,Waiter,7589,Dammam,Full-time,E011,Q8
54,23,Master,Consultant,26583,Jeddah,Self-employed,E009,Q3
29,2,PhD,Professor,55979,Dammam,Self-employed,E009,Q3
46,21,Diploma,Receptionist,5427,Riyadh,Full-time,E006,Q9
42,16,Bachelor,Analyst,17219,Riyadh,Full-time,E015,Q4
34,15,Master,Senior Engineer,23470,Dammam,Self-employed,E008,Q8
29,5,Bachelor,Accountant,14212,Dammam,Part-time,E009,Q8
26,2,Diploma,Lab Technician,5685,Dammam,Part-time,E004,Q2
51,10,PhD,Department Head,0,Jeddah,Full-time,E007,Q9
28,8,Diploma,Receptionist,5259,Dammam,Full-time,E007,Q6
48,9,Master,Project Manager,21025,Jeddah,Part-time,E015,Q4
30,5,Diploma,Receptionist,7471,Riyadh,Full-time,E001,Q10
48,25,PhD,Scientist,47606,Riyadh,Full-time,E008,Q9
42,15,PhD,Professor,69012,Dammam,Full-time,E003,Q2
26,6,Diploma,Technician,9631,Jeddah,Full-time,E005,Q10
41,8,PhD,Senior Researcher,70307,Riyadh,Unemployed,E012,Q3
33,11,High School,Clerk,3515,Riyadh,Full-time,E012,Q4
28,0,Diploma,Receptionist,10694,Jeddah,Full-time,E013,Q2
49,14,Diploma,Receptionist,10206,Jeddah,Full-time,E008,Q5
42,24,Diploma,Lab Technician,6143,Dammam,Full-time,E009,Q4
46,12,Diploma,Lab Technician,6953,Dammam,Self-employed,E001,Q7
49,23,PhD,Research Director,52659,Riyadh,Part-time,E005,Q3
34,15,High School,Waiter,3571,Jeddah,Full-time,E004,Q8
29,10,High School,Janitor,0,Jeddah,Full-time,E011,Q2
36,11,Master,Consultant,23174,Jeddah,Full-time,E002,Q8
31,5,Bachelor,HR Officer,24353,Jeddah,Full-time,E001,Q7
34,43,High School,Janitor,6253,Dammam,Part-time,E007,Q6
39,9,Bachelor,HR Officer,22288,Riyadh,Full-time,E015,Q9
27,8,Master,Senior Engineer,39545,Riyadh,Full-time,E011,Q7
39,2,Diploma,Receptionist,11355,Dammam,Full-time,E004,Q6
43,22,PhD,Security Guard,5592,Jeddah,Full-time,E002,Q9
46,19,PhD,Professor,69525,Jeddah,Full-time,E006,Q1
43,20,Bachelor,Software Developer,21980,Jeddah,Full-time,E009,Q6
54,8,Master,Data Scientist,28236,Riyadh,Part-time,E004,Q3
40,19,PhD,Research Director,67333,Jeddah,Full-time,E012,Q3
39,12,Master,Consultant,33122,Jeddah,Full-time,E012,Q6
28,7,High School,Worker,4336,Dammam,Full-time,E003,Q8
30,4,PhD,Senior Researcher,0,Dammam,Full-time,E004,Q2
19,7,PhD,Senior Researcher,67938,Jeddah,Full-time,E006,Q3
25,39,Diploma,Nurse,7184,Dammam,Full-time,E012,Q6
35,8,Bachelor,Marketing Specialist,8935,Jeddah,Full-time,E002,Q8
51,69,Master,Researcher,16865,Dammam,Part-time,E014,Q5
26,8,Diploma,Nurse,5597,Dammam,Part-time,E009,Q8
53,23,Master,Financial Analyst,19773,Jeddah,Full-time,E011,Q8
30,5,Diploma,Nurse,5815,Jeddah,Full-time,E001,Q4
26,3,Diploma,Administrative Assistant,10930,Dammam,Full-time,E011,Q1
40,12,Bachelor,Marketing Specialist,11785,Riyadh,Full-time,E002,Q4
32,12,High School,Waiter,6854,Riyadh,Full-time,E011,Q7
48,6,High School,Worker,0,Riyadh,Full-time,E004,Q7
47,11,Bachelor,Software Developer,19976,Dammam,Full-time,E012,Q3
15,6,Diploma,Lab Technician,7005,Dammam,Self-employed,E012,Q9
31,9,High School,Waiter,36647,Riyadh,Unemployed,E002,Q1
36,2,PhD,Senior Researcher,51405,Jeddah,Full-time,E010,Q6
40,1,Master,Financial Analyst,20936,Riyadh,Part-time,E006,Q1
17,11,Master,Financial Analyst,29053,Dammam,Full-time,E014,Q8
48,1,Bachelor,Marketing Specialist,23429,Riyadh,Full-time,E015,Q1
24,4,Bachelor,Marketing Specialist,13840,Jeddah,Part-time,E008,Q3
28,4,Diploma,Administrative Assistant,6910,Riyadh,Full-time,E014,Q6
49,25,Bachelor,Marketing Specialist,0,Dammam,Full-time,E009,Q3
30,5,Master,Financial Analyst,18206,Dammam,Full-time,E001,Q2
52,27,Bachelor,Designer,9302,Jeddah,Full-time,E005,Q2
42,21,Bachelor,Analyst,17588,Riyadh,Full-time,E010,Q7
30,5,Diploma,Nurse,7047,Jeddah,Part-time,E001,Q10
20,9,PhD,Senior Researcher,78765,Jeddah,Full-time,E014,Q4
20,6,PhD,Professor,53131,Riyadh,Full-time,E003,Q3
50,6,PhD,Professor,34122,Jeddah,Full-time,E005,Q3
35,8,High School,Waiter,6410,Riyadh,Full-time,E008,Q6
21,11,Bachelor,Analyst,18388,Dammam,Student,E004,Q5
48,23,Master,Senior Engineer,29275,Dammam,Full-time,E004,Q6
24,2,Diploma,Technician,10671,Dammam,Full-time,E012,Q6
16,1,High School,Security Guard,5011,Dammam,Self-employed,E013,Q2
41,10,Diploma,Receptionist,5987,Riyadh,Full-time,E013,Q3
48,27,High School,Worker,5162,Jeddah,Full-time,E011,Q3
19,25,Bachelor,Marketing Specialist,16726,Dammam,Student,E008,Q8
20,0,High School,Security Guard,5490,Dammam,Full-time,E013,Q5
19,7,PhD,Senior Researcher,57959,Jeddah,Part-time,E010,Q8
47,28,Diploma,Lab Technician,11852,Riyadh,Full-time,E003,Q6
14,32,PhD,Professor,44920,Riyadh,Full-time,E003,Q9
30,3,High School,Waiter,0,Riyadh,Self-employed,E003,Q2
36,13,Master,Financial Analyst,16918,Riyadh,Full-time,E002,Q3
38,3,PhD,Department Head,48404,Jeddah,Full-time,E015,Q2
75,22,PhD,Senior Researcher,62949,Dammam,Part-time,E010,Q4
51,21,PhD,Research Director,46976,Dammam,Full-time,E015,Q5
55,23,PhD,Senior Researcher,34081,Riyadh,Full-time,E012,Q1
48,28,Master,Senior Engineer,18991,Dammam,Full-time,E015,Q10
18,0,High School,Cashier,6268,Jeddah,Full-time,E006,Q7
51,21,PhD,Research Director,63877,Riyadh,Full-time,E008,Q9
24,2,Diploma,Administrative Assistant,9525,Dammam,Full-time,E007,Q2
29,6,PhD,Professor,54579,Riyadh,Full-time,E008,Q3
37,7,Master,Data Scientist,31200,Dammam,Full-time,E012,Q1
29,10,PhD,Senior Researcher,27412,Dammam,Full-time,E013,Q6
19,16,PhD,Professor,53739,Jeddah,Full-time,E003,Q3
33,0,PhD,Cashier,3116,Dammam,Full-time,E013,Q10
24,3,High School,Driver,31654,Jeddah,Unemployed,E008,Q5
44,6,Diploma,Nurse,9179,Dammam,Full-time,E007,Q1
41,17,PhD,Scientist,57926,Dammam,Full-time,E003,Q4
32,14,Master,Project Manager,31925,Dammam,Full-time,E001,Q1
23,4,Diploma,Administrative Assistant,10178,Jeddah,Part-time,E005,Q6
37,19,Bachelor,Accountant,11316,Riyadh,Full-time,E008,Q2
19,1,PhD,Senior Researcher,64460,Riyadh,Full-time,E006,Q7
26,5,Diploma,Scientist,56912,Dammam,Full-time,E012,Q5
21,13,PhD,Senior Researcher,65070,Riyadh,Self-employed,E006,Q3
44,0,PhD,Department Head,56764,Jeddah,Part-time,E013,Q9
50,17,Master,Senior Engineer,23837,Dammam,Part-time,E003,Q4
31,10,Diploma,Lab Technician,9620,Dammam,Full-time,E008,Q4
42,19,High School,Cashier,76345,Dammam,Unemployed,E007,Q8
54,18,PhD,Department Head,51249,Riyadh,Full-time,E011,Q3
51,20,PhD,Senior Researcher,56288,Riyadh,Full-time,E015,Q1
90,0,PhD,Professor,38198,Riyadh,Full-time,E007,Q8
30,4,PhD,Research Director,56128,Dammam,Part-time,E011,Q2
46,0,Master,Data Scientist,30165,Riyadh,Unemployed,E015,Q1
20,20,Bachelor,HR Officer,13075,Jeddah,Student,E011,Q6
30,12,Diploma,Technician,42518,Riyadh,Unemployed,E015,Q6
39,20,PhD,Security Guard,5251,Riyadh,Full-time,E013,Q7
46,2,Bachelor,HR Officer,8365,Dammam,Full-time,E015,Q5
37,5,PhD,Professor,36011,Jeddah,Part-time,E009,Q7
43,18,Diploma,Nurse,8296,Dammam,Part-time,E008,Q8
32,8,Bachelor,HR Officer,12770,Riyadh,Full-time,E003,Q9
21,18,High School,Security Guard,7982,Dammam,Student,E008,Q2
40,15,Bachelor,Software Developer,23342,Riyadh,Full-time,E001,Q5
39,21,Diploma,Lab Technician,6113,Dammam,Part-time,E015,Q5
30,9,PhD,Scientist,65864,Jeddah,Full-time,E011,Q1
31,3,Diploma,Administrative Assistant,6844,Jeddah,Self-employed,E001,Q10
55,17,Master,Consultant,17933,Jeddah,Full-time,E013,Q5
30,8,Bachelor,Software Developer,15142,Jeddah,Full-time,E015,Q3
30,5,Master,Project Manager,34127,Riyadh,Full-time,E001,Q6
46,4,Master,Senior Engineer,31107,Dammam,Full-time,E011,Q10
43,25,Bachelor,Designer,22672,Riyadh,Part-time,E002,Q2
41,16,High School,Clerk,7227,Dammam,Part-time,E008,Q4
12,10,High School,Driver,4764,Riyadh,Full-time,E010,Q4
42,23,High School,Clerk,3464,Jeddah,Full-time,E004,Q10
21,8,PhD,Professor,61185,Jeddah,Self-employed,E006,Q2
50,31,Diploma,Technician,9545,Dammam,Full-time,E015,Q1
24,7,PhD,Professor,70959,Dammam,Full-time,E014,Q2
18,0,High School,Waiter,3776,Riyadh,Full-time,E005,Q10
43,19,PhD,Scientist,38072,Riyadh,Full-time,E015,Q10
34,7,Master,Financial Analyst,34980,Jeddah,Full-time,E009,Q1
31,11,Bachelor,Accountant,22668,Jeddah,Full-time,E015,Q6
36,6,Master,Financial Analyst,24590,Jeddah,Full-time,E002,Q6
39,11,Master,Financial Analyst,23948,Riyadh,Part-time,E003,Q7
52,31,PhD,Security Guard,3147,Riyadh,Full-time,E004,Q7
25,6,Bachelor,HR Officer,19225,Riyadh,Self-employed,E010,Q10
21,10,Diploma,Receptionist,9360,Riyadh,Student,E011,Q5
94,5,Master,Project Manager,29636,Dammam,Full-time,E005,Q9
37,3,High School,Janitor,4412,Riyadh,Full-time,E006,Q3
44,6,High School,Security Guard,5248,Jeddah,Part-time,E014,Q6
16,7,High School,Driver,3705,Riyadh,Self-employed,E005,Q8
29,7,High School,Cashier,6673,Dammam,Self-employed,E001,Q9
18,16,High School,Worker,3657,Riyadh,Student,E012,Q6
23,20,PhD,Professor,69529,Riyadh,Part-time,E002,Q5
48,3,High School,Driver,6693,Riyadh,Part-time,E003,Q7
31,1,Diploma,Nurse,6576,Jeddah,Full-time,E005,Q3
32,13,Diploma,Administrative Assistant,8464,Riyadh,Self-employed,E015,Q9
41,5,High School,Professor,42447,Riyadh,Part-time,E008,Q7
36,13,PhD,Cashier,6627,Jeddah,Part-time,E009,Q2
29,6,Master,Senior Engineer,32747,Dammam,Full-time,E012,Q2
33,11,Diploma,Receptionist,11346,Jeddah,Full-time,E005,Q5
30,5,High School,Janitor,4673,Riyadh,Full-time,E001,Q2
57,22,PhD,Research Director,67531,Dammam,Full-time,E012,Q3
50,20,Diploma,Lab Technician,59145,Dammam,Unemployed,E002,Q3
30,8,PhD,Professor,0,Dammam,Full-time,E014,Q5
36,2,Diploma,Nurse,8608,Dammam,Full-time,E013,Q7
48,0,High School,Worker,5219,Riyadh,Self-employed,E003,Q6
35,10,Bachelor,Teacher,24207,Riyadh,Full-time,E001,Q8
35,14,Bachelor,Software Developer,13631,Riyadh,Self-employed,E002,Q6
22,0,Bachelor,Designer,23243,Riyadh,Full-time,E003,Q8
30,5,Diploma,Technician,11857,Riyadh,Part-time,E001,Q6
49,22,Master,Data Scientist,25973,Riyadh,Full-time,E011,Q1
38,10,Diploma,Receptionist,5059,Jeddah,Full-time,E012,Q2
94,5,High School,Security Guard,6801,Dammam,Self-employed,E007,Q5
49,14,Diploma,Receptionist,6761,Jeddah,Self-employed,E001,Q3
41,12,Diploma,Nurse,7293,Dammam,Full-time,E006,Q5
49,20,PhD,Janitor,4596,Riyadh,Self-employed,E001,Q7
49,9,Bachelor,Accountant,21620,Dammam,Full-time,E006,Q9
19,14,PhD,Professor,77465,Dammam,Full-time,E015,Q10
22,1,Bachelor,Marketing Specialist,18961,Jeddah,Full-time,E006,Q2
30,5,Diploma,Nurse,5547,Jeddah,Full-time,E007,Q5
29,3,PhD,Professor,32146,Jeddah,Self-employed,E002,Q1
21,1,High School,Clerk,4763,Dammam,Full-time,E003,Q7
44,22,Diploma,Technician,9889,Riyadh,Full-time,E010,Q2
34,39,Master,Project Manager,30556,Dammam,Self-employed,E009,Q7
50,27,PhD,Department Head,41732,Riyadh,Part-time,E013,Q7
34,0,Bachelor,Designer,11809,Jeddah,Full-time,E007,Q9
42,16,Bachelor,Marketing Specialist,79432,Riyadh,Unemployed,E004,Q9
46,28,PhD,Research Director,46996,Riyadh,Part-time,E015,Q7
46,9,Diploma,Receptionist,5224,Dammam,Part-time,E001,Q5
42,1,PhD,Waiter,3772,Riyadh,Full-time,E006,Q10
37,47,High School,Clerk,3331,Dammam,Full-time,E010,Q1
30,5,Master,Project Manager,36930,Jeddah,Full-time,E001,Q6
43,15,Bachelor,Software Developer,10555,Riyadh,Full-time,E015,Q5
35,10,Bachelor,Designer,15966,Dammam,Full-time,E007,Q4
52,15,Master,Project Manager,38798,Dammam,Full-time,E003,Q8
50,3,High School,Professor,55605,Riyadh,Full-time,E005,Q5
26,1,Diploma,Technician,10972,Riyadh,Full-time,E010,Q4
46,9,PhD,Department Head,37251,Jeddah,Full-time,E008,Q8
30,5,High School,Driver,7439,Dammam,Full-time,E001,Q10
35,10,Master,Data Scientist,33554,Dammam,Full-time,E006,Q8
18,18,Master,Researcher,27075,Dammam,Student,E010,Q6
20,1,Diploma,Lab Technician,8058,Riyadh,Full-time,E013,Q6
25,2,High School,Scientist,67573,Jeddah,Full-time,E001,Q6
48,2,Bachelor,Analyst,8122,Jeddah,Full-time,E008,Q1
50,13,Diploma,Administrative Assistant,9876,Jeddah,Part-time,E004,Q3
50,18,PhD,Waiter,4538,Jeddah,Full-time,E004,Q10
34,0,Diploma,Lab Technician,7804,Jeddah,Full-time,E010,Q1
48,28,High School,Driver,3048,Jeddah,Full-time,E006,Q10
38,4,Master,Researcher,27675,Riyadh,Full-time,E004,Q3
34,43,PhD,Research Director,53492,Riyadh,Full-time,E011,Q8
24,5,PhD,Professor,75187,Jeddah,Part-time,E006,Q3
33,7,High School,Cashier,4111,Dammam,Part-time,E013,Q8
22,6,PhD,Senior Researcher,54573,Riyadh,Part-time,E012,Q1
43,22,Diploma,Research Director,51264,Riyadh,Full-time,E006,Q1
38,7,High School,Cashier,3303,Jeddah,Full-time,E009,Q1
29,7,Bachelor,Software Developer,10324,Jeddah,Full-time,E007,Q8
52,29,PhD,Cashier,5000,Jeddah,Full-time,E013,Q5
52,26,PhD,Research Director,26321,Jeddah,Full-time,E005,Q7
24,4,High School,Janitor,5489,Jeddah,Full-time,E012,Q7
28,5,Bachelor,Analyst,8829,Dammam,Full-time,E012,Q8
23,16,PhD,Professor,58749,Dammam,Full-time,E003,Q1
26,0,Diploma,Professor,65003,Riyadh,Full-time,E013,Q8
37,1,High School,Security Guard,5155,Riyadh,Full-time,E010,Q7
44,5,Diploma,Receptionist,6630,Jeddah,Self-employed,E015,Q10
50,16,Diploma,Lab Technician,71524,Riyadh,Unemployed,E014,Q5
27,6,High School,Driver,4937,Dammam,Full-time,E002,Q3
40,16,Diploma,Receptionist,7676,Jeddah,Full-time,E001,Q4
21,1,Diploma,Administrative Assistant,7518,Dammam,Full-time,E011,Q8
54,4,Master,Data Scientist,28991,Dammam,Full-time,E011,Q9
32,3,Diploma,Receptionist,6917,Dammam,Full-time,E006,Q6
30,9,Bachelor,HR Officer,17160,Riyadh,Full-time,E014,Q9
41,0,Diploma,Nurse,0,Riyadh,Part-time,E006,Q9
41,18,High School,Worker,5628,Riyadh,Part-time,E006,Q5
43,10,High School,Security Guard,6884,Dammam,Full-time,E014,Q6
94,5,PhD,Senior Researcher,50949,Riyadh,Full-time,E002,Q8
36,4,Bachelor,Marketing Specialist,12874,Riyadh,Full-time,E007,Q2
35,9,Diploma,Surgeon,44957,Jeddah,Self-employed,E006,Q10
44,25,PhD,Senior Researcher,31745,Riyadh,Self-employed,E013,Q10
38,19,Master,Researcher,18081,Riyadh,Full-time,E011,Q9
44,12,Master,Senior Engineer,30196,Riyadh,Full-time,E014,Q3
20,1,Diploma,Professor,75952,Riyadh,Full-time,E008,Q1
22,3,Diploma,Nurse,9213,Riyadh,Full-time,E006,Q9
34,14,Master,Financial Analyst,21650,Riyadh,Full-time,E010,Q6
14,4,Diploma,Administrative Assistant,5918,Jeddah,Self-employed,E014,Q10
46,13,Master,Project Manager,15283,Dammam,Full-time,E002,Q3
24,5,Bachelor,Software Developer,10460,Riyadh,Full-time,E010,Q9
46,18,Master,Consultant,15083,Riyadh,Full-time,E002,Q3
29,7,Bachelor,Marketing Specialist,17314,Dammam,Full-time,E003,Q10
34,3,Bachelor,HR Officer,9777,Jeddah,Full-time,E015,Q9
42,12,PhD,Senior Researcher,64690,Riyadh,Full-time,E008,Q9
29,1,High School,Driver,3427,Jeddah,Full-time,E005,Q4
18,0,High School,Security Guard,3067,Jeddah,Full-time,E015,Q8
30,2,Master,Researcher,32052,Riyadh,Full-time,E002,Q7
40,5,High School,Scientist,51990,Jeddah,Part-time,E008,Q1
49,5,Diploma,Administrative Assistant,5666,Riyadh,Full-time,E013,Q7
31,41,Bachelor,Accountant,20618,Riyadh,Full-time,E011,Q3
37,4,Bachelor,HR Officer,13839,Jeddah,Full-time,E004,Q10
35,6,High School,Driver,3582,Riyadh,Self-employed,E012,Q8
32,10,High School,Cashier,4702,Riyadh,Part-time,E003,Q10
47,9,Diploma,Lab Technician,6978,Dammam,Part-time,E004,Q10
43,21,Diploma,Administrative Assistant,6249,Jeddah,Full-time,E002,Q2
20,1,Diploma,Lab Technician,10369,Jeddah,Self-employed,E003,Q9
34,15,Master,Researcher,18728,Dammam,Part-time,E006,Q8
41,5,High School,Driver,0,Dammam,Full-time,E009,Q6
23,8,PhD,Professor,75126,Riyadh,Full-time,E010,Q5
32,0,Master,Researcher,33730,Riyadh,Part-time,E010,Q8
39,10,Bachelor,HR Officer,21984,Jeddah,Part-time,E014,Q5
39,12,Bachelor,Marketing Specialist,9822,Jeddah,Full-time,E001,Q1
47,1,Master,Consultant,30135,Jeddah,Self-employed,E002,Q2
26,4,Master,Project Manager,22836,Riyadh,Full-time,E014,Q8
42,18,High School,Waiter,62354,Jeddah,Unemployed,E005,Q6
23,0,PhD,Professor,78723,Jeddah,Full-time,E004,Q8
54,22,Master,Consultant,27985,Dammam,Full-time,E011,Q2
41,3,Master,Data Scientist,21839,Dammam,Self-employed,E002,Q2
36,12,Bachelor,Software Developer,16707,Dammam,Part-time,E005,Q4
33,0,High School,Clerk,4060,Dammam,Full-time,E005,Q8
15,18,Bachelor,Accountant,14008,Dammam,Full-time,E001,Q8
21,1,PhD,Janitor,4399,Dammam,Part-time,E014,Q6
52,25,Bachelor,Accountant,14754,Jeddah,Full-time,E003,Q5
18,15,PhD,Senior Researcher,64795,Riyadh,Full-time,E001,Q4
22,1,PhD,Senior Researcher,70869,Jeddah,Full-time,E005,Q8
33,3,Master,Researcher,23309,Jeddah,Full-time,E003,Q2
54,33,Diploma,Research Director,72291,Dammam,Part-time,E007,Q6
45,9,High School,Security Guard,46128,Riyadh,Unemployed,E008,Q4
38,17,PhD,Senior Researcher,62676,Jeddah,Full-time,E013,Q8
28,2,High School,Cashier,0,Dammam,Full-time,E008,Q1
45,0,PhD,Department Head,37250,Riyadh,Full-time,E003,Q1
48,28,High School,Scientist,54450,Riyadh,Self-employed,E003,Q1
43,10,Master,Project Manager,32117,Riyadh,Full-time,E012,Q10
43,2,Master,Consultant,36906,Dammam,Self-employed,E004,Q10
37,50,Master,Data Scientist,22248,Dammam,Full-time,E014,Q10
30,5,Master,Researcher,25373,Riyadh,Part-time,E001,Q10
50,16,Diploma,Technician,7811,Jeddah,Part-time,E008,Q2
36,17,PhD,Department Head,43282,Jeddah,Full-time,E011,Q6
19,19,PhD,Senior Researcher,63637,Dammam,Full-time,E009,Q3
36,10,High School,Waiter,5943,Riyadh,Self-employed,E011,Q6
43,20,Master,Data Scientist,29088,Jeddah,Full-time,E008,Q2
30,0,Diploma,Lab Technician,7559,Riyadh,Full-time,E003,Q8
30,8,Bachelor,Software Developer,10927,Jeddah,Full-time,E006,Q5
49,8,Bachelor,Accountant,10341,Dammam,Self-employed,E008,Q7
22,20,Master,Financial Analyst,29245,Riyadh,Student,E013,Q10
38,20,High School,Driver,3163,Dammam,Full-time,E008,Q6
39,9,Bachelor,Accountant,20371,Riyadh,Full-time,E015,Q3
39,4,Master,Data Scientist,19512,Jeddah,Full-time,E005,Q1
31,0,Master,Data Scientist,24574,Riyadh,Full-time,E012,Q4
47,14,PhD,Scientist,33522,Riyadh,Self-employed,E015,Q6
34,7,Diploma,Technician,9763,Dammam,Full-time,E013,Q8
52,16,PhD,Waiter,4968,Jeddah,Part-time,E003,Q9
29,10,Bachelor,Analyst,10808,Riyadh,Full-time,E009,Q7
41,21,PhD,Security Guard,4881,Jeddah,Full-time,E004,Q3
22,0,High School,Driver,4259,Dammam,Full-time,E002,Q3
56,4,PhD,Janitor,5559,Dammam,Full-time,E008,Q6
44,19,Master,Data Scientist,29373,Dammam,Self-employed,E002,Q10
38,2,PhD,Senior Researcher,32452,Dammam,Full-time,E012,Q5
19,23,Diploma,Administrative Assistant,9441,Jeddah,Student,E008,Q2
50,28,PhD,Research Director,26674,Dammam,Full-time,E012,Q2
35,5,PhD,Professor,56571,Jeddah,Full-time,E015,Q8
22,0,Diploma,Technician,8660,Dammam,Full-time,E012,Q5
43,15,PhD,Scientist,54469,Riyadh,Full-time,E010,Q6
37,7,Master,Researcher,32375,Riyadh,Full-time,E003,Q10
42,10,PhD,Senior Researcher,29465,Jeddah,Full-time,E002,Q8
37,19,Master,Senior Engineer,21182,Jeddah,Part-time,E003,Q5
77,2,Master,Consultant,18460,Jeddah,Full-time,E002,Q9
45,15,Diploma,Receptionist,0,Jeddah,Part-time,E012,Q9
51,23,Bachelor,Analyst,17328,Dammam,Full-time,E013,Q5
26,6,Diploma,Technician,0,Riyadh,Full-time,E008,Q6
39,18,Diploma,Technician,58255,Jeddah,Unemployed,E007,Q7
40,11,PhD,Security Guard,6357,Dammam,Part-time,E003,Q8
30,5,High School,Janitor,7788,Riyadh,Full-time,E001,Q1
27,5,Bachelor,Accountant,17155,Jeddah,Part-time,E014,Q3
48,7,Bachelor,Marketing Specialist,19395,Jeddah,Full-time,E008,Q9
46,6,Master,Project Manager,38540,Riyadh,Full-time,E009,Q6
25,0,Bachelor,Analyst,23019,Riyadh,Full-time,E009,Q7
35,12,Bachelor,Accountant,9817,Riyadh,Part-time,E008,Q4
20,22,Diploma,Nurse,11626,Dammam,Student,E007,Q4
27,1,Bachelor,Marketing Specialist,21771,Dammam,Full-time,E008,Q10
30,9,Diploma,Technician,7258,Jeddah,Part-time,E013,Q4
43,21,High School,Security Guard,5230,Jeddah,Full-time,E001,Q7
51,20,Master,Researcher,22915,Dammam,Full-time,E001,Q3
30,5,Diploma,Receptionist,7640,Jeddah,Full-time,E001,Q5
12,21,High School,Cashier,6308,Riyadh,Full-time,E015,Q5
30,7,Diploma,Surgeon,49614,Riyadh,Full-time,E007,Q6
19,1,High School,Worker,7960,Dammam,Full-time,E015,Q5
18,16,Bachelor,Designer,20025,Riyadh,Student,E001,Q2
45,7,PhD,Research Director,59790,Riyadh,Self-employed,E012,Q4
46,5,High School,Scientist,49283,Dammam,Full-time,E011,Q8
55,6,PhD,Department Head,35245,Riyadh,Part-time,E014,Q3
24,6,High School,Research Director,50217,Jeddah,Full-time,E015,Q10
86,2,Bachelor,HR Officer,18287,Riyadh,Part-time,E002,Q4
30,5,Master,Consultant,28136,Dammam,Full-time,E001,Q5
38,11,Diploma,Technician,9376,Jeddah,Full-time,E003,Q6
39,8,PhD,Cashier,6379,Riyadh,Part-time,E012,Q2
36,11,Bachelor,Designer,17876,Dammam,Full-time,E014,Q8
25,2,Bachelor,Designer,66643,Dammam,Unemployed,E001,Q5
51,29,Master,Researcher,18117,Riyadh,Full-time,E010,Q8
43,11,PhD,Senior Researcher,52382,Dammam,Full-time,E004,Q5
37,13,High School,Surgeon,60992,Riyadh,Part-time,E013,Q4
31,6,PhD,Research Director,46938,Riyadh,Full-time,E001,Q3
38,2,Diploma,Technician,5224,Riyadh,Full-time,E006,Q7
43,0,Master,Project Manager,18235,Dammam,Part-time,E008,Q1
44,17,Diploma,Technician,6967,Jeddah,Self-employed,E006,Q2
20,1,High School,Cashier,7557,Dammam,Full-time,E002,Q7
42,16,Diploma,Technician,6140,Jeddah,Full-time,E010,Q2
50,26,Diploma,Receptionist,8721,Dammam,Part-time,E006,Q2
49,28,Bachelor,Accountant,0,Riyadh,Full-time,E009,Q7
51,27,Master,Senior Engineer,24561,Riyadh,Self-employed,E014,Q8
57,14,PhD,Research Director,65378,Jeddah,Full-time,E011,Q6
43,0,Master,Consultant,39773,Jeddah,Full-time,E009,Q3
52,60,Bachelor,Teacher,9092,Riyadh,Full-time,E014,Q8
47,21,Bachelor,Designer,23043,Dammam,Full-time,E005,Q9
91,11,Diploma,Technician,9952,Riyadh,Self-employed,E006,Q3
30,7,High School,Cashier,0,Jeddah,Self-employed,E008,Q5
27,3,Bachelor,Software Developer,21844,Riyadh,Full-time,E004,Q8
30,9,PhD,Cashier,4504,Dammam,Full-time,E005,Q4
37,4,Master,Financial Analyst,0,Jeddah,Part-time,E003,Q8
36,3,High School,Security Guard,4669,Riyadh,Full-time,E014,Q6
30,6,Diploma,Nurse,11249,Jeddah,Part-time,E008,Q10
38,10,Master,Data Scientist,28215,Dammam,Full-time,E002,Q8
57,7,PhD,Research Director,48832,Riyadh,Self-employed,E004,Q10
32,5,High School,Worker,7664,Jeddah,Self-employed,E003,Q8
21,1,High School,Security Guard,4561,Riyadh,Full-time,E012,Q2
22,3,Bachelor,HR Officer,19618,Jeddah,Part-time,E001,Q8
89,8,High School,Waiter,4876,Jeddah,Full-time,E008,Q6
49,27,PhD,Research Director,68113,Riyadh,Part-time,E011,Q5
40,12,Diploma,Receptionist,7097,Jeddah,Full-time,E002,Q5
55,33,PhD,Senior Researcher,36435,Dammam,Full-time,E006,Q10
33,8,Bachelor,Teacher,24084,Jeddah,Full-time,E004,Q4
19,4,PhD,Senior Researcher,57739,Jeddah,Full-time,E005,Q2
55,7,Master,Consultant,31311,Jeddah,Full-time,E004,Q4
21,12,PhD,Research Director,36177,Dammam,Student,E006,Q4
26,3,Bachelor,Teacher,10486,Riyadh,Full-time,E008,Q5
85,14,Diploma,Technician,5423,Jeddah,Full-time,E003,Q3
49,22,Diploma,Nurse,7010,Riyadh,Full-time,E006,Q8
37,8,PhD,Cashier,3353,Dammam,Full-time,E002,Q2
45,12,High School,Driver,6901,Jeddah,Full-time,E012,Q4
35,10,Bachelor,Software Developer,15640,Jeddah,Full-time,E007,Q2
19,19,Master,Project Manager,31215,Riyadh,Student,E003,Q6
49,25,Bachelor,HR Officer,24403,Jeddah,Full-time,E009,Q10
50,26,Diploma,Technician,0,Riyadh,Full-time,E007,Q7
41,2,High School,Worker,7449,Riyadh,Full-time,E010,Q7
50,7,Diploma,Lab Technician,5386,Jeddah,Full-time,E013,Q1
33,5,High School,Waiter,4112,Jeddah,Full-time,E009,Q8
24,10,PhD,Senior Researcher,56977,Riyadh,Part-time,E009,Q3
47,26,Master,Financial Analyst,18949,Jeddah,Full-time,E007,Q2
35,12,High School,Driver,6359,Dammam,Full-time,E003,Q3
51,21,Diploma,Research Director,67066,Jeddah,Full-time,E013,Q7
32,5,High School,Worker,3429,Dammam,Full-time,E008,Q8
39,13,High School,Driver,4648,Jeddah,Self-employed,E005,Q5
28,0,High School,Janitor,0,Jeddah,Full-time,E002,Q9
27,47,Bachelor,Software Developer,17264,Riyadh,Full-time,E015,Q9
35,6,PhD,Professor,25083,Riyadh,Full-time,E013,Q9
22,0,High School,Security Guard,7262,Jeddah,Full-time,E013,Q8
29,9,PhD,Senior Researcher,38429,Dammam,Self-employed,E011,Q2
14,7,PhD,Senior Researcher,44556,Dammam,Part-time,E006,Q3
50,18,PhD,Research Director,60201,Jeddah,Full-time,E007,Q5
40,11,Master,Consultant,20821,Riyadh,Self-employed,E005,Q10
31,3,Master,Financial Analyst,35696,Jeddah,Full-time,E007,Q1
28,3,Bachelor,Software Developer,21614,Riyadh,Full-time,E006,Q1
41,16,PhD,Security Guard,3952,Jeddah,Full-time,E001,Q10
33,3,High School,Worker,3504,Dammam,Part-time,E014,Q4
28,2,Master,Data Scientist,32597,Jeddah,Full-time,E003,Q8
21,6,PhD,Senior Researcher,69346,Dammam,Full-time,E013,Q3
28,0,Bachelor,HR Officer,14297,Riyadh,Full-time,E005,Q9
32,13,PhD,Department Head,46060,Jeddah,Full-time,E008,Q7
33,8,Bachelor,Marketing Specialist,19857,Riyadh,Full-time,E010,Q10
41,13,High School,Janitor,6728,Jeddah,Full-time,E002,Q1
22,1,High School,Driver,6734,Riyadh,Full-time,E005,Q1
20,31,Diploma,Administrative Assistant,5291,Riyadh,Full-time,E001,Q4
53,12,Master,Financial Analyst,0,Riyadh,Part-time,E012,Q10
33,8,Diploma,Receptionist,9525,Riyadh,Full-time,E009,Q4
42,23,Diploma,Nurse,7406,Riyadh,Self-employed,E012,Q5
54,4,Master,Senior Engineer,31643,Jeddah,Full-time,E003,Q9
44,17,Bachelor,Marketing Specialist,11650,Jeddah,Part-time,E006,Q1
19,22,PhD,Department Head,68214,Jeddah,Student,E004,Q8
30,5,Master,Consultant,35647,Dammam,Self-employed,E001,Q10
17,9,Diploma,Lab Technician,11420,Dammam,Full-time,E015,Q1
41,18,High School,Cashier,41610,Jeddah,Unemployed,E013,Q10
44,5,Bachelor,Designer,22442,Riyadh,Self-employed,E012,Q10
23,24,PhD,Professor,53136,Jeddah,Full-time,E013,Q1
41,0,High School,Janitor,3841,Jeddah,Full-time,E007,Q8
26,2,Master,Data Scientist,17207,Riyadh,Full-time,E005,Q1
38,11,Diploma,Lab Technician,6255,Dammam,Full-time,E015,Q8
48,11,PhD,Waiter,6811,Jeddah,Full-time,E002,Q4
38,3,PhD,Research Director,45952,Riyadh,Full-time,E002,Q2
36,12,Diploma,Technician,7000,Dammam,Self-employed,E007,Q5
36,2,High School,Clerk,4249,Dammam,Full-time,E002,Q1
37,2,PhD,Scientist,31218,Dammam,Full-time,E014,Q7
39,16,PhD,Senior Researcher,54090,Dammam,Full-time,E007,Q3
16,3,Master,Data Scientist,37599,Jeddah,Full-time,E013,Q3
29,2,Bachelor,Software Developer,13456,Riyadh,Self-employed,E013,Q5
41,12,High School,Security Guard,7726,Riyadh,Full-time,E011,Q9
55,23,Master,Researcher,34583,Dammam,Full-time,E003,Q1
39,7,PhD,Security Guard,3979,Jeddah,Self-employed,E008,Q2
35,5,Diploma,Technician,6623,Dammam,Full-time,E007,Q6
42,24,Diploma,Technician,8153,Riyadh,Full-time,E003,Q8
30,12,High School,Security Guard,4035,Riyadh,Self-employed,E005,Q7
89,7,Diploma,Nurse,9403,Dammam,Full-time,E003,Q7
42,19,PhD,Janitor,4043,Jeddah,Full-time,E007,Q1
44,26,Diploma,Research Director,43199,Dammam,Full-time,E001,Q6
21,1,PhD,Cashier,4218,Dammam,Part-time,E015,Q9
44,8,High School,Cashier,5078,Dammam,Full-time,E008,Q3
22,12,Master,Data Scientist,26372,Jeddah,Student,E003,Q6
48,22,Master,Project Manager,25290,Dammam,Full-time,E005,Q5
35,1,PhD,Scientist,44393,Dammam,Full-time,E002,Q2
45,23,High School,Worker,3398,Dammam,Full-time,E006,Q2
35,10,Bachelor,Accountant,18840,Jeddah,Full-time,E015,Q2
19,15,PhD,Senior Researcher,59892,Jeddah,Full-time,E007,Q9
52,5,Master,Project Manager,32186,Riyadh,Full-time,E007,Q3
81,3,PhD,Senior Researcher,49558,Dammam,Full-time,E013,Q5
26,5,Master,Researcher,37078,Dammam,Full-time,E015,Q9
15,17,Bachelor,Teacher,20570,Dammam,Full-time,E012,Q4
91,18,Master,Senior Engineer,36375,Dammam,Full-time,E005,Q6
15,5,Master,Researcher,36375,Jeddah,Self-employed,E008,Q6
46,16,Diploma,Technician,5495,Riyadh,Full-time,E002,Q9
52,18,Master,Financial Analyst,29874,Jeddah,Full-time,E009,Q4
46,2,Master,Financial Analyst,27905,Jeddah,Full-time,E014,Q1
35,17,Diploma,Technician,10565,Jeddah,Full-time,E007,Q6
28,4,Bachelor,HR Officer,19495,Riyadh,Full-time,E005,Q7
58,15,PhD,Professor,44730,Dammam,Full-time,E012,Q10
37,4,PhD,Senior Researcher,26357,Jeddah,Part-time,E010,Q8
84,2,Bachelor,Teacher,23509,Dammam,Full-time,E004,Q4
32,6,PhD,Scientist,67688,Dammam,Full-time,E009,Q1
30,10,PhD,Security Guard,6880,Jeddah,Self-employed,E007,Q2
19,17,PhD,Senior Researcher,59283,Jeddah,Full-time,E008,Q2
36,13,PhD,Cashier,3376,Dammam,Self-employed,E014,Q7
35,0,Diploma,Nurse,8943,Jeddah,Full-time,E014,Q1
42,8,Bachelor,Accountant,19450,Dammam,Part-time,E012,Q6
35,17,Master,Researcher,27095,Jeddah,Self-employed,E012,Q8
18,12,Bachelor,Teacher,9441,Riyadh,Student,E005,Q5
24,0,PhD,Professor,79602,Jeddah,Full-time,E014,Q9
12,31,Diploma,Technician,7935,Riyadh,Full-time,E003,Q9
41,23,Diploma,Professor,47124,Dammam,Full-time,E007,Q5
46,0,Bachelor,Software Developer,21935,Dammam,Full-time,E001,Q7
46,24,Master,Researcher,0,Dammam,Self-employed,E014,Q8
31,6,Bachelor,Teacher,9925,Riyadh,Full-time,E008,Q2
30,4,Master,Financial Analyst,18452,Riyadh,Part-time,E005,Q10
50,24,Bachelor,Software Developer,21655,Riyadh,Full-time,E011,Q1
34,15,Diploma,Nurse,5304,Riyadh,Full-time,E009,Q9
22,6,PhD,Senior Researcher,52544,Jeddah,Part-time,E002,Q2
47,6,PhD,Janitor,4674,Jeddah,Part-time,E012,Q8
31,0,Bachelor,Accountant,10751,Riyadh,Full-time,E013,Q7
29,10,High School,Clerk,5888,Riyadh,Full-time,E009,Q9
22,0,PhD,Professor,75734,Riyadh,Full-time,E015,Q7
29,11,Bachelor,HR Officer,21919,Riyadh,Full-time,E007,Q4
74,8,Diploma,Technician,6255,Riyadh,Full-time,E007,Q7
43,11,PhD,Senior Researcher,38765,Dammam,Self-employed,E002,Q5
19,19,Diploma,Nurse,6687,Riyadh,Student,E004,Q4
44,13,High School,Clerk,4857,Riyadh,Full-time,E011,Q5
40,14,PhD,Janitor,3734,Dammam,Full-time,E012,Q8
25,0,High School,Driver,3501,Jeddah,Full-time,E005,Q9
45,4,PhD,Professor,34250,Dammam,Self-employed,E010,Q9
49,8,Master,Data Scientist,34795,Riyadh,Full-time,E015,Q6
51,1,Master,Consultant,17906,Riyadh,Full-time,E004,Q7
32,5,Master,Consultant,37745,Jeddah,Self-employed,E009,Q2
30,5,Master,Financial Analyst,17091,Riyadh,Self-employed,E001,Q5
22,30,Bachelor,Software Developer,9446,Riyadh,Full-time,E005,Q1
22,2,High School,Worker,4571,Riyadh,Full-time,E013,Q2
49,7,Bachelor,Marketing Specialist,15174,Dammam,Self-employed,E008,Q10
39,52,Diploma,Lab Technician,7871,Jeddah,Full-time,E004,Q3
35,3,High School,Clerk,5371,Dammam,Full-time,E009,Q6
38,16,High School,Cashier,6167,Dammam,Full-time,E001,Q7
37,6,High School,Driver,6829,Jeddah,Part-time,E013,Q10
38,6,Diploma,Lab Technician,11126,Jeddah,Full-time,E012,Q8
34,3,PhD,Research Director,37982,Jeddah,Self-employed,E007,Q1
45,23,Diploma,Administrative Assistant,10218,Jeddah,Full-time,E003,Q4
53,4,PhD,Scientist,57660,Dammam,Full-time,E014,Q1
34,8,Master,Researcher,37928,Jeddah,Part-time,E003,Q4
31,2,High School,Research Director,55420,Riyadh,Full-time,E008,Q3
25,5,High School,Janitor,5781,Dammam,Self-employed,E006,Q1
33,14,High School,Worker,0,Jeddah,Full-time,E015,Q4
24,6,Diploma,Administrative Assistant,7631,Dammam,Full-time,E014,Q10
27,0,Bachelor,Designer,8665,Dammam,Self-employed,E003,Q7
41,20,High School,Security Guard,5471,Jeddah,Self-employed,E012,Q9
40,16,Bachelor,Software Developer,16948,Riyadh,Part-time,E013,Q9
22,7,PhD,Senior Researcher,74687,Jeddah,Full-time,E005,Q7
45,26,High School,Security Guard,7759,Riyadh,Self-employed,E011,Q5
20,1,High School,Driver,5653,Dammam,Full-time,E011,Q1
30,4,Bachelor,Marketing Specialist,17787,Riyadh,Full-time,E008,Q4
28,9,Bachelor,Marketing Specialist,14284,Riyadh,Full-time,E014,Q2
40,14,Bachelor,Accountant,17209,Dammam,Full-time,E001,Q10
54,24,PhD,Scientist,64986,Dammam,Part-time,E010,Q10
26,8,PhD,Security Guard,3845,Dammam,Self-employed,E010,Q8
40,16,Bachelor,Software Developer,57697,Jeddah,Unemployed,E014,Q3
52,5,Bachelor,Analyst,8038,Riyadh,Full-time,E007,Q1
29,11,Bachelor,Designer,23756,Riyadh,Part-time,E005,Q1
51,4,PhD,Professor,57374,Riyadh,Full-time,E012,Q8
20,19,PhD,Senior Researcher,65989,Dammam,Full-time,E015,Q10
33,4,Bachelor,Software Developer,13979,Riyadh,Full-time,E008,Q4
22,0,Bachelor,Analyst,17802,Jeddah,Full-time,E006,Q2
53,23,PhD,Scientist,55583,Jeddah,Full-time,E002,Q5
23,2,High School,Worker,3066,Jeddah,Full-time,E002,Q7
24,2,PhD,Professor,77593,Riyadh,Full-time,E009,Q2
27,0,Master,Data Scientist,28166,Dammam,Full-time,E010,Q10
21,21,Diploma,Lab Technician,9039,Jeddah,Student,E010,Q5
43,2,Bachelor,Accountant,13657,Jeddah,Full-time,E010,Q2
30,7,Bachelor,Accountant,9148,Dammam,Self-employed,E009,Q4
18,20,PhD,Professor,32352,Jeddah,Student,E004,Q9
39,12,Diploma,Professor,71801,Dammam,Full-time,E010,Q8
29,2,PhD,Research Director,67177,Riyadh,Self-employed,E011,Q7
24,3,High School,Cashier,71937,Jeddah,Unemployed,E012,Q4
17,17,Diploma,Nurse,10029,Dammam,Full-time,E005,Q8
37,16,Diploma,Technician,7057,Dammam,Part-time,E004,Q8
31,1,Diploma,Technician,5374,Jeddah,Full-time,E003,Q7
31,10,High School,Scientist,77975,Jeddah,Part-time,E011,Q6
57,24,PhD,Scientist,51375,Dammam,Part-time,E015,Q2
33,7,Diploma,Surgeon,75949,Riyadh,Full-time,E010,Q10
29,0,PhD,Waiter,6824,Riyadh,Full-time,E004,Q1
30,5,High School,Driver,5470,Jeddah,Full-time,E001,Q2
34,3,PhD,Senior Researcher,31839,Dammam,Full-time,E012,Q9
48,28,PhD,Senior Researcher,29660,Dammam,Full-time,E011,Q3
23,3,Diploma,Lab Technician,6787,Jeddah,Full-time,E003,Q3
20,16,PhD,Senior Researcher,57921,Riyadh,Full-time,E007,Q8
30,6,Master,Consultant,61564,Jeddah,Unemployed,E009,Q3
54,66,Master,Data Scientist,16852,Jeddah,Full-time,E012,Q1
30,5,Bachelor,Software Developer,10019,Jeddah,Full-time,E001,Q10
40,12,Diploma,Research Director,65546,Dammam,Part-time,E007,Q6
30,5,Master,Project Manager,32957,Jeddah,Full-time,E001,Q10
34,8,High School,Cashier,3364,Dammam,Self-employed,E011,Q10
50,4,PhD,Research Director,28779,Dammam,Full-time,E005,Q6
22,4,Bachelor,Analyst,16220,Dammam,Full-time,E010,Q4
23,0,High School,Worker,4891,Dammam,Part-time,E012,Q3
38,6,High School,Worker,5018,Riyadh,Full-time,E008,Q5
33,1,Diploma,Nurse,8990,Riyadh,Full-time,E013,Q1
42,23,PhD,Professor,65693,Riyadh,Full-time,E007,Q2
30,5,PhD,Research Director,50904,Riyadh,Full-time,E001,Q10
43,10,PhD,Department Head,36284,Dammam,Full-time,E005,Q4
27,7,Bachelor,Analyst,23785,Riyadh,Full-time,E009,Q7
20,3,PhD,Senior Researcher,79304,Jeddah,Part-time,E006,Q5
22,0,PhD,Professor,61558,Dammam,Full-time,E009,Q2
39,17,PhD,Scientist,39759,Jeddah,Full-time,E008,Q8
23,4,Diploma,Administrative Assistant,5365,Jeddah,Part-time,E008,Q4
19,19,Diploma,Lab Technician,8266,Jeddah,Student,E004,Q5
33,12,Master,Financial Analyst,36215,Jeddah,Full-time,E006,Q3
19,0,High School,Cashier,3821,Dammam,Self-employed,E008,Q10
79,1,Bachelor,HR Officer,11332,Riyadh,Full-time,E004,Q10
22,0,PhD,Professor,78765,Dammam,Full-time,E011,Q2
49,11,Master,Consultant,33415,Dammam,Full-time,E014,Q4
38,9,PhD,Cashier,4039,Jeddah,Full-time,E003,Q2
79,4,High School,Driver,5694,Dammam,Full-time,E013,Q1
50,31,Master,Data Scientist,0,Jeddah,Full-time,E013,Q9
39,19,Diploma,Professor,48250,Riyadh,Full-time,E004,Q1
28,0,High School,Driver,6476,Riyadh,Full-time,E011,Q1
30,2,Bachelor,Marketing Specialist,24776,Riyadh,Full-time,E014,Q10
23,4,High School,Clerk,39987,Dammam,Unemployed,E005,Q3
38,8,Bachelor,Software Developer,9573,Jeddah,Full-time,E012,Q7
14,2,Bachelor,Analyst,15226,Dammam,Full-time,E002,Q10
38,3,Diploma,Receptionist,10834,Riyadh,Full-time,E013,Q2
44,22,PhD,Research Director,61278,Dammam,Part-time,E011,Q6
31,9,Bachelor,Teacher,21047,Jeddah,Self-employed,E006,Q4
50,25,PhD,Research Director,37818,Riyadh,Full-time,E006,Q6
19,20,Bachelor,Marketing Specialist,10648,Riyadh,Student,E003,Q5
40,7,Bachelor,Accountant,13078,Jeddah,Full-time,E010,Q8
46,14,Diploma,Technician,9145,Riyadh,Full-time,E015,Q4
30,5,Diploma,Receptionist,9976,Dammam,Full-time,E001,Q5
16,6,Bachelor,Accountant,9530,Riyadh,Full-time,E004,Q8
28,4,High School,Security Guard,4302,Riyadh,Full-time,E011,Q3
36,5,High School,Worker,7681,Jeddah,Full-time,E008,Q6
20,18,Bachelor,Software Developer,23157,Riyadh,Student,E013,Q6
37,17,Diploma,Surgeon,52791,Dammam,Self-employed,E015,Q8
36,10,PhD,Scientist,51839,Dammam,Full-time,E001,Q7
32,2,High School,Cashier,6005,Dammam,Full-time,E003,Q8
29,3,Bachelor,Accountant,19325,Jeddah,Self-employed,E012,Q6
25,3,Master,Consultant,80976,Dammam,Unemployed,E007,Q4
37,18,High School,Clerk,6620,Dammam,Full-time,E004,Q6
52,5,PhD,Department Head,59673,Dammam,Full-time,E011,Q4
27,0,Diploma,Administrative Assistant,5080,Dammam,Part-time,E008,Q1
25,2,PhD,Waiter,6549,Riyadh,Full-time,E015,Q2
53,4,Master,Financial Analyst,19810,Riyadh,Full-time,E005,Q9
46,15,PhD,Professor,46424,Dammam,Full-time,E010,Q1
42,47,High School,Driver,5155,Jeddah,Full-time,E009,Q6
15,23,Master,Data Scientist,34640,Riyadh,Full-time,E001,Q10
35,16,Master,Project Manager,27492,Dammam,Full-time,E002,Q4
29,10,Master,Financial Analyst,31278,Dammam,Full-time,E006,Q1
82,4,High School,Clerk,4909,Riyadh,Full-time,E003,Q9
35,10,High School,Janitor,5729,Dammam,Full-time,E010,Q10
49,31,PhD,Senior Researcher,68029,Jeddah,Full-time,E014,Q8
38,20,Diploma,Administrative Assistant,46818,Dammam,Unemployed,E014,Q2
41,60,Bachelor,Analyst,19876,Dammam,Full-time,E015,Q7
21,10,Diploma,Nurse,8699,Jeddah,Student,E005,Q7
38,2,Diploma,Scientist,40068,Dammam,Full-time,E009,Q10
40,13,Diploma,Administrative Assistant,5551,Dammam,Full-time,E008,Q5
30,5,PhD,Senior Researcher,36713,Jeddah,Full-time,E001,Q5
22,4,Bachelor,Marketing Specialist,22308,Dammam,Full-time,E011,Q10
39,21,Master,Researcher,22841,Riyadh,Part-time,E003,Q7
24,4,Bachelor,Designer,21728,Dammam,Part-time,E007,Q6
24,2,High School,Waiter,6164,Jeddah,Full-time,E014,Q2
19,9,PhD,Professor,70891,Dammam,Self-employed,E004,Q5
27,4,Master,Project Manager,23088,Dammam,Full-time,E005,Q9
29,1,Diploma,Lab Technician,5498,Riyadh,Full-time,E006,Q5
30,4,Bachelor,Marketing Specialist,16809,Dammam,Full-time,E010,Q4
50,12,Diploma,Nurse,11346,Jeddah,Full-time,E008,Q10
89,9,Diploma,Technician,8123,Jeddah,Full-time,E010,Q1
36,13,Bachelor,Accountant,51504,Jeddah,Unemployed,E007,Q5
50,31,Diploma,Surgeon,49303,Jeddah,Full-time,E008,Q3
45,15,PhD,Cashier,5754,Jeddah,Self-employed,E008,Q8
46,0,High School,Cashier,3428,Jeddah,Self-employed,E011,Q2
23,5,High School,Security Guard,4783,Riyadh,Full-time,E007,Q5
38,14,PhD,Department Head,59815,Dammam,Self-employed,E003,Q10
54,24,PhD,Waiter,3680,Jeddah,Full-time,E002,Q8
32,8,PhD,Waiter,5129,Jeddah,Full-time,E004,Q1
33,3,PhD,Professor,58202,Jeddah,Self-employed,E009,Q7
28,7,Diploma,Nurse,7521,Riyadh,Full-time,E013,Q1
25,0,High School,Driver,3943,Riyadh,Full-time,E011,Q5
21,3,Diploma,Lab Technician,7029,Jeddah,Full-time,E014,Q1
31,42,PhD,Senior Researcher,68207,Dammam,Full-time,E008,Q4
81,21,PhD,Professor,55002,Riyadh,Full-time,E006,Q6
32,3,Master,Data Scientist,38345,Jeddah,Full-time,E007,Q10
35,8,PhD,Department Head,52667,Riyadh,Full-time,E002,Q10
30,3,Bachelor,Software Developer,22405,Jeddah,Part-time,E010,Q3
37,1,PhD,Security Guard,6179,Riyadh,Full-time,E009,Q9
12,5,Bachelor,Designer,10058,Dammam,Full-time,E013,Q6
55,36,PhD,Department Head,62617,Dammam,Full-time,E001,Q2
33,11,PhD,Research Director,37395,Jeddah,Self-employed,E001,Q10
47,20,High School,Worker,4758,Jeddah,Full-time,E012,Q9
21,18,PhD,Senior Researcher,56093,Riyadh,Full-time,E006,Q6
33,6,Bachelor,HR Officer,21474,Dammam,Full-time,E013,Q5
34,4,Master,Senior Engineer,33239,Riyadh,Full-time,E011,Q8
16,20,Bachelor,Analyst,23713,Riyadh,Full-time,E003,Q2
42,22,PhD,Professor,65005,Riyadh,Full-time,E014,Q5
42,11,PhD,Cashier,3195,Dammam,Full-time,E008,Q10
32,2,PhD,Professor,48707,Riyadh,Full-time,E005,Q4
24,1,Diploma,Technician,11506,Dammam,Full-time,E013,Q5
44,10,High School,Cashier,7536,Dammam,Full-time,E003,Q6
34,2,Diploma,Administrative Assistant,9431,Dammam,Full-time,E008,Q2
36,1,Master,Consultant,28341,Jeddah,Full-time,E011,Q8
18,21,PhD,Department Head,54316,Riyadh,Student,E011,Q10
27,8,Diploma,Nurse,6636,Dammam,Full-time,E001,Q7
19,18,Bachelor,Teacher,11259,Jeddah,Student,E012,Q3
41,2,Bachelor,Accountant,22471,Riyadh,Full-time,E009,Q2
41,1,High School,Clerk,7546,Jeddah,Self-employed,E014,Q4
30,5,Diploma,Nurse,9545,Jeddah,Full-time,E001,Q5
36,3,PhD,Scientist,50297,Riyadh,Full-time,E014,Q7
18,20,Bachelor,Designer,23079,Jeddah,Student,E011,Q5
43,17,Bachelor,Accountant,24894,Jeddah,Full-time,E013,Q8
40,0,Diploma,Administrative Assistant,9468,Dammam,Full-time,E010,Q8
34,6,Diploma,Technician,6573,Dammam,Full-time,E001,Q2
28,4,Bachelor,Designer,19690,Jeddah,Full-time,E004,Q2
16,18,Master,Project Manager,28060,Riyadh,Full-time,E001,Q3
24,6,Diploma,Lab Technician,9629,Riyadh,Full-time,E013,Q6
23,1,Bachelor,Teacher,16838,Jeddah,Full-time,E011,Q9
39,21,High School,Clerk,0,Riyadh,Full-time,E002,Q1
33,6,Bachelor,HR Officer,9889,Dammam,Full-time,E007,Q2
27,2,Diploma,Lab Technician,5903,Jeddah,Full-time,E004,Q6
92,23,High School,Waiter,7086,Jeddah,Self-employed,E003,Q3
53,19,Master,Consultant,36156,Dammam,Full-time,E007,Q5
31,9,High School,Security Guard,6480,Dammam,Self-employed,E003,Q9
18,35,PhD,Professor,76076,Riyadh,Part-time,E002,Q10
18,25,PhD,Professor,55879,Jeddah,Full-time,E014,Q6
48,26,Diploma,Administrative Assistant,6801,Jeddah,Full-time,E013,Q2
36,3,Master,Data Scientist,26034,Riyadh,Full-time,E002,Q5
30,6,PhD,Professor,65490,Riyadh,Full-time,E014,Q9
37,12,Diploma,Receptionist,9783,Jeddah,Full-time,E008,Q5
13,9,Diploma,Lab Technician,7543,Riyadh,Full-time,E007,Q10
48,11,Bachelor,Accountant,13689,Dammam,Full-time,E005,Q3
23,1,Bachelor,HR Officer,13526,Riyadh,Full-time,E014,Q5
46,21,High School,Research Director,70105,Jeddah,Part-time,E002,Q2
52,26,Bachelor,HR Officer,14020,Jeddah,Full-time,E003,Q10
41,19,PhD,Professor,41430,Dammam,Self-employed,E004,Q4
51,3,Diploma,Scientist,72228,Riyadh,Full-time,E005,Q1
38,4,PhD,Research Director,0,Dammam,Full-time,E002,Q8
23,3,Diploma,Receptionist,7448,Dammam,Part-time,E003,Q7
33,4,Diploma,Lab Technician,11655,Riyadh,Self-employed,E005,Q6
43,19,High School,Professor,65019,Riyadh,Full-time,E001,Q6
46,6,Diploma,Administrative Assistant,8338,Riyadh,Full-time,E009,Q7
30,10,Diploma,Research Director,54955,Riyadh,Full-time,E009,Q3
23,3,Diploma,Technician,0,Jeddah,Full-time,E001,Q2
50,30,Diploma,Lab Technician,11822,Jeddah,Full-time,E007,Q6
51,13,Master,Senior Engineer,25434,Dammam,Full-time,E006,Q9
20,2,Diploma,Receptionist,7569,Jeddah,Self-employed,E009,Q5
45,56,Master,Project Manager,31970,Jeddah,Full-time,E004,Q4
18,25,Diploma,Lab Technician,9529,Dammam,Student,E007,Q3
47,25,High School,Janitor,6767,Riyadh,Full-time,E013,Q1
49,17,PhD,Department Head,60695,Dammam,Full-time,E011,Q2
45,11,Bachelor,Designer,11363,Riyadh,Full-time,E010,Q2
43,52,Master,Data Scientist,16089,Dammam,Full-time,E003,Q9
37,4,Bachelor,Teacher,11066,Jeddah,Full-time,E003,Q6
30,6,Master,Consultant,23372,Riyadh,Full-time,E008,Q2
30,5,High School,Worker,3509,Riyadh,Full-time,E001,Q8
15,14,Master,Financial Analyst,18174,Jeddah,Full-time,E012,Q10
55,18,Master,Data Scientist,22792,Jeddah,Full-time,E014,Q5
38,10,Diploma,Administrative Assistant,11811,Dammam,Self-employed,E013,Q8
34,0,Bachelor,Analyst,20837,Riyadh,Full-time,E015,Q8
48,15,Master,Data Scientist,32514,Riyadh,Full-time,E005,Q7
12,6,Bachelor,Accountant,15922,Dammam,Part-time,E003,Q8
43,17,PhD,Janitor,4279,Dammam,Full-time,E002,Q9
19,13,Diploma,Nurse,9369,Riyadh,Student,E010,Q8
38,4,Diploma,Receptionist,0,Dammam,Part-time,E003,Q3
34,0,Master,Consultant,33836,Jeddah,Full-time,E007,Q4
49,0,Diploma,Scientist,55908,Jeddah,Full-time,E002,Q10
32,1,Diploma,Technician,11480,Riyadh,Full-time,E014,Q6
37,12,High School,Clerk,6727,Jeddah,Part-time,E001,Q8
44,1,Diploma,Research Director,42937,Dammam,Full-time,E008,Q7
44,1,Diploma,Nurse,10673,Dammam,Full-time,E003,Q1
34,3,Master,Researcher,16017,Jeddah,Self-employed,E011,Q6
34,7,Bachelor,Teacher,18190,Dammam,Self-employed,E002,Q7
33,4,Bachelor,Accountant,12732,Jeddah,Full-time,E012,Q5
38,55,PhD,Department Head,46588,Riyadh,Part-time,E011,Q7
18,1,PhD,Professor,79429,Jeddah,Full-time,E006,Q10
28,5,Diploma,Scientist,46462,Dammam,Full-time,E014,Q1
24,12,PhD,Senior Researcher,67226,Dammam,Full-time,E015,Q9
40,4,High School,Janitor,5294,Jeddah,Full-time,E010,Q10
42,62,PhD,Scientist,29512,Jeddah,Full-time,E003,Q6
24,3,PhD,Senior Researcher,73745,Dammam,Self-employed,E014,Q7
30,6,Diploma,Technician,10200,Dammam,Full-time,E002,Q10
26,2,Master,Consultant,33760,Riyadh,Full-time,E010,Q5
38,7,Master,Data Scientist,39299,Dammam,Full-time,E001,Q6
39,2,Bachelor,Marketing Specialist,12025,Dammam,Part-time,E014,Q6
20,8,PhD,Professor,60946,Jeddah,Full-time,E014,Q2
33,4,Diploma,Professor,46178,Dammam,Full-time,E009,Q3
76,22,Bachelor,Software Developer,12762,Jeddah,Full-time,E008,Q8
35,10,PhD,Senior Researcher,50144,Jeddah,Full-time,E002,Q3
30,5,Bachelor,Designer,21005,Jeddah,Self-employed,E001,Q7
21,17,PhD,Professor,70425,Riyadh,Full-time,E012,Q8
39,17,PhD,Cashier,6403,Jeddah,Full-time,E005,Q6
18,0,High School,Waiter,42357,Dammam,Unemployed,E013,Q4
27,8,Diploma,Administrative Assistant,10573,Riyadh,Full-time,E013,Q4
20,2,High School,Worker,5386,Dammam,Self-employed,E014,Q10
50,13,Diploma,Nurse,5035,Dammam,Full-time,E010,Q5
46,7,PhD,Waiter,5001,Dammam,Full-time,E008,Q5
44,5,High School,Clerk,5777,Dammam,Self-employed,E001,Q5
15,8,Diploma,Technician,9842,Riyadh,Part-time,E005,Q6
40,46,Bachelor,Designer,9814,Riyadh,Self-employed,E009,Q8
32,13,Bachelor,Marketing Specialist,20815,Riyadh,Full-time,E013,Q10
51,0,Bachelor,Marketing Specialist,13677,Dammam,Full-time,E007,Q9
18,19,Master,Financial Analyst,36958,Jeddah,Student,E014,Q4
22,3,Diploma,Receptionist,5996,Riyadh,Full-time,E013,Q7
26,1,High School,Scientist,70358,Jeddah,Part-time,E011,Q7
46,5,Diploma,Surgeon,60648,Jeddah,Full-time,E003,Q3
44,1,High School,Driver,7219,Dammam,Part-time,E009,Q8
43,14,Master,Consultant,33745,Riyadh,Self-employed,E011,Q3
30,5,Master,Data Scientist,36314,Riyadh,Full-time,E008,Q3
45,6,High School,Cashier,4128,Riyadh,Full-time,E011,Q6
23,3,Bachelor,HR Officer,19123,Jeddah,Full-time,E011,Q5
29,7,PhD,Waiter,6444,Jeddah,Full-time,E008,Q1
47,17,Bachelor,HR Officer,24470,Jeddah,Full-time,E005,Q9
21,0,PhD,Professor,63738,Dammam,Full-time,E006,Q5
31,5,Master,Senior Engineer,39757,Dammam,Part-time,E007,Q6
17,0,Diploma,Administrative Assistant,7554,Jeddah,Full-time,E015,Q6
30,5,PhD,Research Director,55097,Riyadh,Full-time,E001,Q4
33,1,High School,Driver,4229,Riyadh,Self-employed,E003,Q1
35,6,Bachelor,Designer,21886,Riyadh,Full-time,E011,Q4
41,14,Diploma,Administrative Assistant,10782,Riyadh,Full-time,E010,Q2
30,5,PhD,Scientist,62601,Dammam,Self-employed,E001,Q3
20,2,High School,Janitor,3867,Dammam,Full-time,E014,Q10
42,21,PhD,Research Director,0,Dammam,Full-time,E006,Q3
37,0,PhD,Scientist,59836,Riyadh,Full-time,E002,Q9
52,4,PhD,Scientist,60097,Jeddah,Part-time,E001,Q9
53,7,PhD,Research Director,51273,Jeddah,Part-time,E007,Q2
36,18,Master,Data Scientist,37228,Jeddah,Full-time,E012,Q7
35,4,PhD,Security Guard,3681,Riyadh,Full-time,E014,Q9
43,25,PhD,Professor,30730,Riyadh,Self-employed,E010,Q3
47,3,Diploma,Lab Technician,6430,Riyadh,Full-time,E013,Q6
77,0,Bachelor,Marketing Specialist,8033,Dammam,Part-time,E006,Q8
46,2,Diploma,Nurse,6723,Jeddah,Full-time,E006,Q3
31,12,Diploma,Nurse,0,Dammam,Part-time,E012,Q10
30,4,Bachelor,Analyst,15345,Jeddah,Full-time,E015,Q5
31,0,Diploma,Technician,5524,Riyadh,Full-time,E001,Q4
38,11,Bachelor,Accountant,16391,Dammam,Part-time,E009,Q6
24,4,High School,Waiter,7849,Riyadh,Self-employed,E013,Q4
32,10,Bachelor,Software Developer,65594,Riyadh,Unemployed,E012,Q10
47,29,PhD,Senior Researcher,28966,Dammam,Part-time,E009,Q8
22,4,High School,Worker,4098,Jeddah,Full-time,E010,Q8
33,0,Master,Senior Engineer,22278,Dammam,Full-time,E008,Q6
21,3,Diploma,Technician,9525,Jeddah,Self-employed,E013,Q8
35,6,Diploma,Technician,10304,Dammam,Part-time,E003,Q2
50,0,High School,Surgeon,47312,Jeddah,Full-time,E001,Q4
49,27,Diploma,Lab Technician,8209,Riyadh,Self-employed,E001,Q9
36,4,Master,Data Scientist,28825,Riyadh,Part-time,E010,Q10
18,2,PhD,Professor,63072,Dammam,Full-time,E002,Q9
55,30,PhD,Senior Researcher,65854,Riyadh,Part-time,E009,Q3
51,11,Master,Financial Analyst,19540,Riyadh,Full-time,E008,Q4
26,5,Master,Consultant,0,Dammam,Part-time,E007,Q9
28,43,Bachelor,Marketing Specialist,14237,Jeddah,Full-time,E009,Q2
36,17,Bachelor,Analyst,17630,Riyadh,Self-employed,E001,Q3
35,14,PhD,Waiter,3312,Riyadh,Self-employed,E011,Q10
19,1,High School,Driver,5204,Dammam,Part-time,E005,Q7
23,4,High School,Waiter,3348,Riyadh,Self-employed,E014,Q5
40,14,PhD,Research Director,52155,Jeddah,Part-time,E001,Q1
57,14,PhD,Security Guard,5530,Riyadh,Full-time,E013,Q1
29,11,Diploma,Receptionist,7237,Riyadh,Full-time,E009,Q10
24,2,Bachelor,Marketing Specialist,19967,Riyadh,Full-time,E004,Q5
22,3,PhD,Professor,76914,Dammam,Self-employed,E015,Q5
42,24,High School,Scientist,66468,Dammam,Self-employed,E003,Q6
28,1,Bachelor,Marketing Specialist,20313,Dammam,Self-employed,E015,Q10
22,1,High School,Waiter,3414,Jeddah,Full-time,E007,Q2
45,22,Diploma,Nurse,9275,Dammam,Full-time,E005,Q7
38,11,Master,Senior Engineer,34999,Riyadh,Self-employed,E011,Q10
18,24,Master,Consultant,29690,Riyadh,Student,E001,Q8
37,18,Diploma,Lab Technician,8227,Riyadh,Full-time,E003,Q10
47,21,PhD,Senior Researcher,35924,Dammam,Self-employed,E008,Q9
49,16,Bachelor,Teacher,14253,Riyadh,Full-time,E004,Q9
26,4,High School,Janitor,4173,Riyadh,Self-employed,E003,Q4
18,21,Diploma,Technician,6349,Riyadh,Student,E008,Q9
21,25,PhD,Senior Researcher,51818,Dammam,Self-employed,E002,Q2
30,11,Master,Researcher,19678,Riyadh,Full-time,E003,Q6
30,5,Diploma,Lab Technician,6820,Dammam,Full-time,E001,Q7
32,0,PhD,Department Head,34046,Dammam,Part-time,E001,Q9
40,10,Diploma,Technician,5133,Dammam,Self-employed,E015,Q4
51,30,Master,Consultant,21356,Jeddah,Self-employed,E006,Q4
41,10,High School,Cashier,6066,Dammam,Self-employed,E013,Q4
50,18,Bachelor,Analyst,15628,Dammam,Part-time,E015,Q2
34,6,Diploma,Technician,6655,Jeddah,Part-time,E014,Q6
47,24,Master,Researcher,16252,Jeddah,Self-employed,E007,Q6
12,15,PhD,Department Head,47028,Dammam,Full-time,E013,Q10
28,2,Master,Consultant,16733,Riyadh,Full-time,E012,Q6
48,21,Diploma,Professor,42784,Jeddah,Full-time,E013,Q7
38,4,High School,Worker,7011,Jeddah,Full-time,E009,Q7
54,10,Master,Data Scientist,18558,Dammam,Full-time,E001,Q1
19,23,Bachelor,Marketing Specialist,18074,Riyadh,Student,E005,Q2
21,21,Bachelor,Software Developer,12241,Riyadh,Student,E014,Q6
30,2,Diploma,Professor,69742,Jeddah,Self-employed,E013,Q5
46,9,High School,Janitor,3149,Jeddah,Full-time,E001,Q7
48,20,Bachelor,Software Developer,17988,Riyadh,Part-time,E012,Q1
43,23,Diploma,Technician,10691,Jeddah,Self-employed,E001,Q4
34,1,PhD,Professor,52796,Riyadh,Full-time,E001,Q4
38,2,Master,Data Scientist,30791,Riyadh,Self-employed,E015,Q6
31,8,Bachelor,Designer,23151,Riyadh,Full-time,E010,Q5
47,0,Diploma,Scientist,74815,Jeddah,Part-time,E008,Q7
46,21,Diploma,Technician,9508,Dammam,Full-time,E010,Q5
30,5,PhD,Professor,44306,Dammam,Self-employed,E009,Q6
27,7,Master,Project Manager,29926,Dammam,Self-employed,E005,Q7
19,0,High School,Waiter,4289,Dammam,Full-time,E004,Q5
54,6,PhD,Senior Researcher,28758,Dammam,Full-time,E004,Q5
94,8,High School,Worker,4397,Jeddah,Full-time,E001,Q7
23,5,Bachelor,Marketing Specialist,17796,Riyadh,Part-time,E009,Q5
43,4,High School,Waiter,3278,Riyadh,Full-time,E007,Q4
28,0,High School,Driver,5141,Riyadh,Full-time,E014,Q10
19,10,Bachelor,Marketing Specialist,17507,Jeddah,Student,E012,Q7
46,20,Diploma,Professor,54142,Riyadh,Full-time,E004,Q10
27,6,Master,Data Scientist,31234,Dammam,Self-employed,E011,Q2
40,20,PhD,Cashier,6040,Riyadh,Part-time,E002,Q9
22,0,High School,Surgeon,51520,Riyadh,Part-time,E002,Q3
26,3,Diploma,Research Director,47124,Riyadh,Full-time,E012,Q5
33,4,High School,Research Director,62243,Jeddah,Full-time,E015,Q3
39,5,Diploma,Technician,10438,Riyadh,Full-time,E009,Q6
77,24,Master,Senior Engineer,31282,Riyadh,Full-time,E005,Q8
93,19,High School,Janitor,7107,Jeddah,Full-time,E009,Q2
30,5,Master,Financial Analyst,27520,Riyadh,Full-time,E001,Q2
30,1,High School,Worker,3619,Jeddah,Full-time,E014,Q6
30,5,Master,Consultant,31111,Dammam,Self-employed,E001,Q1
31,5,PhD,Professor,62136,Jeddah,Full-time,E009,Q5
49,23,PhD,Cashier,4117,Dammam,Full-time,E011,Q9
40,15,Bachelor,Teacher,9517,Dammam,Full-time,E006,Q1
31,8,Master,Researcher,16536,Riyadh,Full-time,E011,Q7
50,67,PhD,Research Director,51688,Riyadh,Self-employed,E003,Q2
30,5,PhD,Research Director,46921,Riyadh,Full-time,E001,Q3
45,19,Bachelor,Accountant,11917,Jeddah,Full-time,E013,Q8
28,9,Master,Consultant,35320,Dammam,Full-time,E009,Q3
45,14,PhD,Waiter,6932,Dammam,Full-time,E003,Q1
40,5,PhD,Research Director,26450,Dammam,Full-time,E002,Q10
36,17,High School,Cashier,65668,Jeddah,Unemployed,E003,Q10
36,13,Master,Data Scientist,27062,Dammam,Full-time,E008,Q3
41,17,High School,Waiter,0,Dammam,Full-time,E007,Q5
24,2,High School,Janitor,3316,Jeddah,Part-time,E006,Q3
22,8,PhD,Professor,62329,Riyadh,Full-time,E008,Q7
55,73,Master,Project Manager,19884,Jeddah,Full-time,E005,Q4
26,4,Bachelor,Analyst,11548,Riyadh,Full-time,E012,Q5
36,13,PhD,Department Head,51335,Jeddah,Full-time,E014,Q10
46,64,Master,Financial Analyst,39987,Riyadh,Full-time,E009,Q6
24,42,Diploma,Technician,8758,Jeddah,Full-time,E015,Q8
41,5,Diploma,Technician,11755,Riyadh,Full-time,E003,Q9
55,29,PhD,Research Director,44077,Riyadh,Full-time,E004,Q9
44,16,High School,Driver,5945,Jeddah,Full-time,E010,Q10
30,5,Diploma,Nurse,10542,Dammam,Part-time,E001,Q2
18,20,PhD,Professor,65513,Dammam,Full-time,E009,Q7
81,7,Bachelor,Marketing Specialist,8009,Riyadh,Full-time,E006,Q2
35,15,Bachelor,Software Developer,21160,Riyadh,Full-time,E006,Q1
51,22,Bachelor,Analyst,16185,Dammam,Full-time,E014,Q2
78,7,Diploma,Receptionist,5725,Jeddah,Full-time,E007,Q5
26,0,PhD,Security Guard,3419,Dammam,Full-time,E010,Q1
38,6,High School,Cashier,3185,Jeddah,Part-time,E011,Q9
38,4,Bachelor,Teacher,16225,Jeddah,Full-time,E002,Q5
31,11,PhD,Janitor,3735,Jeddah,Full-time,E006,Q4
27,8,High School,Cashier,6312,Jeddah,Full-time,E007,Q3
31,8,PhD,Waiter,4130,Riyadh,Full-time,E009,Q8
41,2,Master,Senior Engineer,17056,Riyadh,Full-time,E002,Q3
41,16,Diploma,Administrative Assistant,7879,Dammam,Part-time,E004,Q5
24,1,Bachelor,Teacher,22782,Jeddah,Part-time,E003,Q5
33,3,Bachelor,Analyst,21360,Riyadh,Part-time,E004,Q8
33,5,Diploma,Receptionist,8035,Dammam,Full-time,E011,Q8
26,3,Bachelor,Designer,22473,Jeddah,Self-employed,E006,Q9
28,5,Bachelor,Accountant,18031,Riyadh,Self-employed,E006,Q6
52,18,Master,Senior Engineer,23719,Jeddah,Full-time,E009,Q3
50,10,Diploma,Administrative Assistant,7905,Jeddah,Full-time,E010,Q10
24,3,Diploma,Lab Technician,5852,Dammam,Full-time,E003,Q8
72,9,Diploma,Technician,8906,Dammam,Full-time,E013,Q3
37,4,High School,Research Director,62461,Jeddah,Full-time,E008,Q3
51,29,Master,Data Scientist,29816,Dammam,Full-time,E008,Q10
33,0,High School,Worker,4517,Jeddah,Self-employed,E013,Q8
50,28,Diploma,Nurse,9003,Dammam,Part-time,E007,Q9
41,16,Master,Consultant,25668,Riyadh,Self-employed,E002,Q3
40,13,Diploma,Nurse,6409,Dammam,Part-time,E012,Q7
47,2,PhD,Security Guard,6985,Dammam,Full-time,E014,Q7
38,6,PhD,Senior Researcher,37526,Riyadh,Full-time,E009,Q9
38,2,Diploma,Professor,59364,Riyadh,Part-time,E003,Q7
20,11,Bachelor,Marketing Specialist,22600,Dammam,Student,E009,Q9
24,6,High School,Waiter,6558,Riyadh,Full-time,E013,Q3
27,9,Master,Consultant,16358,Jeddah,Full-time,E010,Q3
22,0,High School,Driver,7191,Riyadh,Self-employed,E006,Q6
52,16,Bachelor,HR Officer,14999,Dammam,Self-employed,E015,Q10
46,10,Diploma,Technician,8082,Jeddah,Full-time,E007,Q5
56,22,PhD,Scientist,37886,Jeddah,Full-time,E005,Q9
35,8,Bachelor,Marketing Specialist,23873,Dammam,Self-employed,E004,Q7
22,1,Bachelor,Accountant,21866,Jeddah,Full-time,E013,Q7
20,1,High School,Worker,3757,Riyadh,Full-time,E003,Q3
35,9,Bachelor,Analyst,17599,Riyadh,Full-time,E011,Q3
34,16,Master,Project Manager,27895,Dammam,Full-time,E001,Q6
44,57,PhD,Scientist,63258,Dammam,Part-time,E005,Q10
26,7,Master,Consultant,22274,Dammam,Full-time,E002,Q4
35,0,PhD,Scientist,51476,Jeddah,Full-time,E014,Q4
20,2,High School,Janitor,6852,Jeddah,Full-time,E007,Q7
46,21,High School,Driver,7468,Jeddah,Self-employed,E010,Q9
30,4,Bachelor,Teacher,16321,Riyadh,Full-time,E005,Q1
47,29,PhD,Janitor,4408,Jeddah,Full-time,E015,Q5
24,1,Diploma,Technician,10472,Riyadh,Full-time,E001,Q10
30,5,Diploma,Receptionist,6340,Dammam,Full-time,E001,Q1
90,35,Master,Project Manager,32773,Riyadh,Self-employed,E007,Q1
89,5,High School,Worker,3897,Jeddah,Full-time,E006,Q5
23,3,Diploma,Receptionist,5185,Jeddah,Full-time,E004,Q4
30,5,High School,Clerk,6480,Riyadh,Full-time,E001,Q3
30,5,Diploma,Technician,9083,Jeddah,Full-time,E001,Q9
53,22,PhD,Department Head,67788,Dammam,Full-time,E010,Q8
50,22,Master,Consultant,28536,Riyadh,Full-time,E005,Q1
18,15,High School,Worker,6158,Riyadh,Student,E010,Q9
20,18,Master,Financial Analyst,15777,Jeddah,Student,E010,Q10
30,11,Bachelor,HR Officer,14345,Jeddah,Full-time,E004,Q5
24,9,PhD,Professor,60030,Dammam,Full-time,E009,Q9
47,65,Bachelor,Analyst,19411,Riyadh,Full-time,E010,Q8
33,12,Bachelor,Teacher,16669,Riyadh,Full-time,E012,Q1
39,15,Diploma,Technician,6214,Riyadh,Full-time,E011,Q2
35,7,Diploma,Receptionist,7063,Dammam,Part-time,E006,Q5
39,16,Bachelor,Accountant,68193,Jeddah,Unemployed,E011,Q9
47,23,Master,Senior Engineer,31882,Jeddah,Full-time,E015,Q8
23,3,Bachelor,Designer,23923,Jeddah,Full-time,E006,Q4
16,14,High School,Janitor,3449,Dammam,Part-time,E009,Q1
48,5,PhD,Senior Researcher,44247,Dammam,Full-time,E012,Q4
34,12,Diploma,Nurse,7314,Jeddah,Part-time,E013,Q1
46,0,Diploma,Lab Technician,11672,Jeddah,Full-time,E002,Q8
53,22,PhD,Senior Researcher,66969,Jeddah,Full-time,E003,Q3
46,8,PhD,Department Head,49928,Jeddah,Part-time,E009,Q10
41,15,PhD,Security Guard,4084,Dammam,Full-time,E005,Q3
22,4,Diploma,Receptionist,11922,Riyadh,Full-time,E008,Q1
31,4,Master,Consultant,28605,Jeddah,Full-time,E010,Q10
53,33,Master,Project Manager,89147,Riyadh,Unemployed,E009,Q8
45,24,High School,Research Director,55686,Jeddah,Full-time,E012,Q1
27,5,Bachelor,Teacher,0,Riyadh,Self-employed,E015,Q7
30,2,Diploma,Administrative Assistant,11382,Dammam,Full-time,E013,Q5
24,5,High School,Clerk,4817,Dammam,Full-time,E007,Q9
39,12,Diploma,Receptionist,7483,Riyadh,Full-time,E007,Q8
46,27,Diploma,Technician,5124,Dammam,Full-time,E015,Q2
38,14,Bachelor,HR Officer,23713,Dammam,Self-employed,E015,Q6
53,11,PhD,Senior Researcher,62938,Riyadh,Full-time,E006,Q1
47,29,PhD,Department Head,42202,Dammam,Full-time,E013,Q10
52,27,PhD,Department Head,66650,Dammam,Full-time,E005,Q2
38,6,High School,Driver,5134,Jeddah,Full-time,E008,Q3
29,10,PhD,Scientist,30966,Dammam,Full-time,E007,Q9
33,5,Bachelor,Accountant,15448,Jeddah,Full-time,E006,Q8
55,30,PhD,Research Director,59727,Riyadh,Full-time,E010,Q2
58,6,PhD,Scientist,54978,Dammam,Self-employed,E015,Q5
33,10,Master,Senior Engineer,19092,Jeddah,Full-time,E012,Q9
50,16,Master,Researcher,18763,Dammam,Full-time,E013,Q4
19,8,PhD,Senior Researcher,67051,Jeddah,Full-time,E004,Q6
44,3,Bachelor,HR Officer,17940,Riyadh,Full-time,E005,Q7
37,7,High School,Cashier,4427,Jeddah,Full-time,E004,Q1
34,2,Master,Researcher,21138,Jeddah,Full-time,E012,Q9
22,30,High School,Driver,6843,Jeddah,Self-employed,E012,Q6
31,9,High School,Cashier,3945,Riyadh,Full-time,E008,Q5
30,5,Master,Consultant,36236,Riyadh,Full-time,E001,Q10
26,46,Diploma,Lab Technician,5815,Jeddah,Self-employed,E007,Q3
37,16,Bachelor,HR Officer,13629,Jeddah,Full-time,E010,Q5
43,25,Bachelor,Accountant,0,Jeddah,Full-time,E010,Q8
32,0,Diploma,Receptionist,10820,Riyadh,Full-time,E004,Q1
15,10,Bachelor,Teacher,20791,Riyadh,Full-time,E009,Q5
30,5,Bachelor,HR Officer,15512,Dammam,Self-employed,E001,Q2
47,7,High School,Worker,6835,Dammam,Full-time,E005,Q8
40,20,Master,Project Manager,39309,Riyadh,Part-time,E001,Q2
21,1,High School,Waiter,4870,Dammam,Part-time,E008,Q3
20,20,Master,Data Scientist,28297,Riyadh,Student,E001,Q10
46,17,High School,Professor,67498,Dammam,Full-time,E007,Q8
52,21,PhD,Department Head,0,Jeddah,Part-time,E014,Q9
35,1,Diploma,Nurse,7853,Dammam,Full-time,E002,Q2
25,4,High School,Surgeon,74566,Jeddah,Full-time,E010,Q8
45,4,Diploma,Nurse,11980,Dammam,Full-time,E013,Q8
42,2,Master,Financial Analyst,25900,Riyadh,Part-time,E004,Q1
36,4,Diploma,Administrative Assistant,9556,Jeddah,Full-time,E006,Q6
53,30,Master,Data Scientist,17366,Riyadh,Self-employed,E008,Q4
30,8,Master,Consultant,28924,Riyadh,Part-time,E001,Q4
44,10,Diploma,Administrative Assistant,9836,Dammam,Full-time,E013,Q10
30,4,Diploma,Administrative Assistant,86063,Riyadh,Unemployed,E009,Q7
20,13,Master,Senior Engineer,23478,Dammam,Student,E012,Q6
34,10,High School,Driver,6958,Jeddah,Full-time,E013,Q9
46,4,High School,Professor,60619,Dammam,Full-time,E013,Q9
31,5,PhD,Janitor,6200,Jeddah,Self-employed,E005,Q6
47,13,Master,Financial Analyst,21043,Jeddah,Self-employed,E010,Q6
21,5,PhD,Professor,68623,Dammam,Full-time,E012,Q3
20,2,Diploma,Receptionist,7208,Jeddah,Full-time,E004,Q7
58,1,PhD,Research Director,65742,Riyadh,Full-time,E004,Q1
45,3,High School,Waiter,7506,Jeddah,Full-time,E010,Q5
31,2,Diploma,Research Director,56670,Jeddah,Full-time,E002,Q4
54,33,PhD,Department Head,29518,Riyadh,Full-time,E014,Q9
33,10,PhD,Senior Researcher,54689,Jeddah,Full-time,E015,Q5
32,7,Master,Data Scientist,23349,Dammam,Full-time,E004,Q7
29,3,Bachelor,Software Developer,10593,Riyadh,Full-time,E009,Q1
39,0,Bachelor,Marketing Specialist,10160,Riyadh,Full-time,E013,Q9
55,20,PhD,Department Head,34972,Dammam,Full-time,E015,Q3
35,9,Diploma,Technician,11334,Riyadh,Full-time,E002,Q5
41,18,Diploma,Technician,5016,Riyadh,Full-time,E013,Q5
47,9,High School,Professor,40743,Riyadh,Full-time,E007,Q8
52,33,PhD,Waiter,6467,Riyadh,Full-time,E003,Q8
30,5,Master,Data Scientist,27244,Riyadh,Full-time,E001,Q2
33,12,High School,Research Director,41542,Dammam,Self-employed,E009,Q8
34,2,Diploma,Technician,6019,Riyadh,Full-time,E009,Q9
28,8,Diploma,Technician,7477,Riyadh,Full-time,E007,Q8
38,20,PhD,Department Head,67894,Dammam,Full-time,E006,Q5
35,14,PhD,Professor,29895,Dammam,Full-time,E005,Q2
43,55,PhD,Research Director,44729,Jeddah,Full-time,E015,Q9
18,25,PhD,Scientist,60436,Dammam,Student,E012,Q3
40,2,Diploma,Receptionist,7292,Jeddah,Full-time,E003,Q7
40,22,PhD,Senior Researcher,62026,Dammam,Part-time,E008,Q9
26,4,Diploma,Lab Technician,0,Riyadh,Full-time,E015,Q6
34,1,High School,Janitor,4370,Jeddah,Full-time,E007,Q1
35,14,Bachelor,Software Developer,17026,Riyadh,Full-time,E008,Q1
22,15,Master,Project Manager,35772,Riyadh,Student,E001,Q1
21,1,Diploma,Administrative Assistant,10781,Riyadh,Full-time,E004,Q7
44,10,Diploma,Lab Technician,10930,Dammam,Part-time,E009,Q1
49,17,Diploma,Nurse,6560,Riyadh,Full-time,E006,Q5
30,5,High School,Janitor,6520,Jeddah,Full-time,E001,Q7
28,0,Master,Project Manager,39971,Dammam,Full-time,E004,Q9
27,6,Bachelor,Accountant,22255,Dammam,Self-employed,E014,Q4
19,1,High School,Janitor,6212,Jeddah,Full-time,E001,Q4
43,13,PhD,Waiter,5454,Riyadh,Full-time,E005,Q8
30,5,PhD,Scientist,54825,Riyadh,Full-time,E001,Q8
45,10,Master,Project Manager,29558,Dammam,Self-employed,E012,Q3
42,22,High School,Worker,4355,Dammam,Self-employed,E002,Q1
26,0,Diploma,Lab Technician,6316,Jeddah,Full-time,E012,Q7
43,13,Bachelor,Software Developer,19886,Riyadh,Full-time,E004,Q9
33,1,Diploma,Research Director,50007,Riyadh,Full-time,E003,Q9
20,13,High School,Cashier,7980,Jeddah,Student,E010,Q8
30,10,PhD,Scientist,36278,Jeddah,Full-time,E013,Q5
29,11,PhD,Professor,26756,Riyadh,Full-time,E014,Q10
52,20,Master,Financial Analyst,29329,Jeddah,Full-time,E015,Q7
43,13,Diploma,Nurse,10262,Dammam,Full-time,E004,Q4
41,11,Bachelor,Teacher,20093,Jeddah,Full-time,E013,Q7
13,33,PhD,Scientist,49012,Jeddah,Full-time,E003,Q4
49,8,PhD,Senior Researcher,33272,Dammam,Self-employed,E009,Q7
25,1,High School,Worker,7273,Jeddah,Full-time,E014,Q3
23,11,PhD,Senior Researcher,57663,Riyadh,Full-time,E008,Q10
36,8,PhD,Professor,41751,Riyadh,Self-employed,E003,Q4
56,17,PhD,Research Director,38226,Riyadh,Full-time,E012,Q6
51,7,Bachelor,Analyst,13982,Riyadh,Part-time,E005,Q8
94,3,Bachelor,Teacher,19838,Riyadh,Full-time,E005,Q4
48,16,High School,Waiter,3473,Riyadh,Full-time,E007,Q7
34,13,PhD,Security Guard,5326,Jeddah,Part-time,E009,Q3
23,0,Bachelor,Accountant,13510,Jeddah,Full-time,E008,Q5
53,34,PhD,Department Head,0,Jeddah,Full-time,E004,Q4
29,4,Bachelor,Analyst,11177,Jeddah,Self-employed,E005,Q6
33,7,PhD,Scientist,34823,Dammam,Full-time,E010,Q2
36,2,Master,Project Manager,35114,Dammam,Full-time,E009,Q3
79,15,High School,Cashier,3595,Dammam,Full-time,E010,Q7
25,5,Master,Consultant,17077,Jeddah,Full-time,E007,Q10
22,25,PhD,Professor,59204,Dammam,Self-employed,E014,Q9
45,2,PhD,Janitor,5698,Dammam,Full-time,E015,Q4
19,22,High School,Driver,4289,Jeddah,Student,E010,Q9
47,22,Diploma,Scientist,66584,Jeddah,Full-time,E001,Q8
32,4,Bachelor,Analyst,12517,Jeddah,Self-employed,E004,Q7
32,6,Bachelor,Analyst,11846,Riyadh,Full-time,E012,Q10
36,12,Diploma,Nurse,5766,Dammam,Full-time,E008,Q9
20,10,PhD,Professor,75381,Riyadh,Full-time,E010,Q4
42,17,Master,Researcher,37173,Riyadh,Self-employed,E011,Q2
31,3,PhD,Senior Researcher,39449,Jeddah,Full-time,E009,Q5
46,24,Bachelor,Accountant,19304,Riyadh,Full-time,E001,Q10
30,5,Diploma,Technician,10327,Riyadh,Self-employed,E001,Q2
48,67,PhD,Professor,65593,Riyadh,Self-employed,E004,Q10
27,7,Diploma,Administrative Assistant,5507,Dammam,Full-time,E011,Q9
44,21,Bachelor,Marketing Specialist,16995,Riyadh,Part-time,E013,Q10
18,0,High School,Driver,7321,Jeddah,Self-employed,E012,Q7
27,8,High School,Clerk,4363,Jeddah,Full-time,E012,Q7
41,6,Diploma,Receptionist,8211,Dammam,Full-time,E014,Q3
30,5,PhD,Scientist,39808,Jeddah,Full-time,E001,Q1
34,16,Master,Senior Engineer,17937,Dammam,Part-time,E006,Q1
39,21,Diploma,Administrative Assistant,10402,Dammam,Full-time,E003,Q1
38,1,Diploma,Research Director,42535,Jeddah,Full-time,E013,Q2
30,5,PhD,Professor,68717,Jeddah,Full-time,E001,Q8
28,1,PhD,Waiter,6445,Riyadh,Self-employed,E004,Q8
43,15,High School,Janitor,7971,Dammam,Full-time,E010,Q4
27,5,Bachelor,Marketing Specialist,14685,Dammam,Part-time,E008,Q6
43,23,Bachelor,Marketing Specialist,14562,Jeddah,Full-time,E015,Q6
44,14,PhD,Scientist,68615,Jeddah,Self-employed,E009,Q4
22,0,Diploma,Administrative Assistant,11621,Riyadh,Full-time,E014,Q1
26,7,Diploma,Scientist,52581,Dammam,Full-time,E007,Q4
20,25,High School,Cashier,5326,Dammam,Student,E002,Q10
31,13,Diploma,Administrative Assistant,66099,Riyadh,Unemployed,E004,Q7
42,13,Bachelor,Marketing Specialist,12057,Dammam,Part-time,E005,Q9
24,6,Diploma,Lab Technician,9890,Jeddah,Full-time,E004,Q4
23,3,Bachelor,Accountant,20854,Dammam,Full-time,E014,Q6
50,21,PhD,Professor,55196,Riyadh,Full-time,E002,Q8
28,0,High School,Waiter,3762,Dammam,Self-employed,E007,Q10
30,12,Bachelor,Designer,16412,Jeddah,Full-time,E004,Q7
28,33,Master,Data Scientist,27809,Dammam,Full-time,E013,Q9
49,14,High School,Scientist,51540,Dammam,Full-time,E013,Q4
18,12,PhD,Professor,51488,Jeddah,Full-time,E006,Q7
42,4,PhD,Scientist,26973,Jeddah,Full-time,E011,Q5
29,4,PhD,Scientist,26819,Dammam,Full-time,E005,Q1
54,12,Master,Data Scientist,16009,Jeddah,Full-time,E003,Q3
47,16,Bachelor,Marketing Specialist,19643,Dammam,Self-employed,E007,Q3
55,28,PhD,Professor,35151,Jeddah,Full-time,E005,Q4
53,29,PhD,Senior Researcher,50508,Jeddah,Part-time,E004,Q9
33,15,Bachelor,Designer,22018,Riyadh,Full-time,E001,Q10
46,4,Bachelor,Accountant,9811,Jeddah,Self-employed,E011,Q4
78,0,High School,Waiter,5683,Jeddah,Full-time,E013,Q5
42,13,Master,Senior Engineer,37758,Jeddah,Self-employed,E002,Q8
43,5,Master,Project Manager,30659,Jeddah,Full-time,E010,Q6
88,23,PhD,Senior Researcher,40163,Dammam,Part-time,E003,Q1
20,2,High School,Security Guard,6862,Jeddah,Full-time,E011,Q2
22,1,PhD,Senior Researcher,59180,Dammam,Full-time,E002,Q6
42,14,Master,Project Manager,39952,Riyadh,Part-time,E013,Q8
12,4,Bachelor,HR Officer,9896,Dammam,Full-time,E006,Q1
53,16,Master,Senior Engineer,19115,Riyadh,Full-time,E002,Q5
28,7,Master,Financial Analyst,65498,Riyadh,Unemployed,E005,Q10
55,35,Master,Researcher,71312,Riyadh,Unemployed,E015,Q8
31,6,High School,Janitor,7319,Dammam,Self-employed,E014,Q2
40,17,Bachelor,Designer,13767,Dammam,Full-time,E001,Q4
40,8,Diploma,Scientist,61175,Dammam,Full-time,E008,Q5
33,9,High School,Waiter,6919,Dammam,Part-time,E005,Q10
40,20,Diploma,Lab Technician,9040,Riyadh,Full-time,E004,Q10
34,11,PhD,Professor,37196,Riyadh,Full-time,E015,Q2
30,5,PhD,Senior Researcher,62092,Jeddah,Full-time,E001,Q8
48,9,Bachelor,HR Officer,24705,Jeddah,Full-time,E015,Q2
46,2,High School,Waiter,6502,Jeddah,Self-employed,E007,Q7
46,0,Bachelor,Accountant,13758,Dammam,Self-employed,E014,Q4
42,16,Bachelor,Marketing Specialist,16710,Dammam,Part-time,E005,Q7
24,3,High School,Waiter,5910,Jeddah,Full-time,E007,Q6
52,11,Diploma,Scientist,60819,Jeddah,Full-time,E014,Q7
43,1,High School,Cashier,3118,Jeddah,Self-employed,E002,Q10
55,33,Master,Researcher,39660,Riyadh,Full-time,E002,Q9
36,3,PhD,Scientist,60334,Riyadh,Full-time,E005,Q4
23,4,Diploma,Technician,10815,Riyadh,Full-time,E010,Q3
28,10,Bachelor,Accountant,17202,Riyadh,Part-time,E006,Q4
44,2,High School,Driver,7000,Dammam,Full-time,E001,Q5
46,7,High School,Scientist,73363,Jeddah,Full-time,E015,Q3
38,20,Bachelor,HR Officer,21515,Dammam,Full-time,E008,Q2
94,6,High School,Cashier,4775,Riyadh,Full-time,E007,Q7
39,4,Diploma,Administrative Assistant,5603,Dammam,Full-time,E015,Q7
44,14,PhD,Research Director,58746,Jeddah,Full-time,E011,Q9
47,9,PhD,Department Head,27040,Jeddah,Full-time,E008,Q4
40,4,Diploma,Lab Technician,9296,Riyadh,Self-employed,E003,Q8
55,6,PhD,Department Head,28040,Dammam,Self-employed,E006,Q10
18,22,Bachelor,Marketing Specialist,19309,Riyadh,Student,E004,Q6
18,0,High School,Worker,4231,Riyadh,Self-employed,E010,Q2
44,5,PhD,Professor,63836,Riyadh,Self-employed,E004,Q6
51,9,Master,Data Scientist,66868,Dammam,Unemployed,E010,Q5
14,17,PhD,Department Head,38324,Riyadh,Full-time,E008,Q6
36,9,High School,Driver,7605,Riyadh,Part-time,E014,Q6
38,1,PhD,Research Director,57335,Riyadh,Part-time,E015,Q7
34,12,PhD,Scientist,26749,Riyadh,Full-time,E013,Q5
50,17,Bachelor,Designer,15417,Riyadh,Self-employed,E008,Q2
30,9,Master,Project Manager,39720,Dammam,Full-time,E004,Q3
40,19,Master,Researcher,24196,Dammam,Full-time,E010,Q10
50,19,PhD,Professor,50124,Jeddah,Full-time,E004,Q9
42,3,High School,Worker,6313,Riyadh,Full-time,E012,Q3
87,8,Diploma,Technician,11632,Jeddah,Full-time,E006,Q6
33,4,PhD,Scientist,64240,Dammam,Full-time,E003,Q9
30,0,Diploma,Research Director,62413,Riyadh,Full-time,E007,Q10
43,14,PhD,Department Head,42303,Riyadh,Full-time,E015,Q3
44,1,Diploma,Scientist,69598,Dammam,Self-employed,E008,Q4
45,8,High School,Driver,4223,Dammam,Full-time,E015,Q1
36,11,Bachelor,Teacher,21218,Dammam,Full-time,E004,Q4
47,66,Diploma,Nurse,9983,Riyadh,Full-time,E011,Q1
41,18,Master,Consultant,27643,Jeddah,Full-time,E003,Q10
55,34,PhD,Senior Researcher,50517,Jeddah,Full-time,E006,Q10
15,0,High School,Waiter,6469,Jeddah,Full-time,E012,Q4
33,9,Bachelor,Marketing Specialist,11665,Riyadh,Full-time,E015,Q3
20,2,Diploma,Receptionist,0,Riyadh,Full-time,E004,Q5
21,14,High School,Driver,4620,Jeddah,Student,E002,Q4
32,14,Master,Researcher,20538,Jeddah,Full-time,E006,Q10
25,7,High School,Driver,55778,Jeddah,Unemployed,E002,Q3
47,7,High School,Waiter,5105,Jeddah,Self-employed,E003,Q5
45,18,PhD,Professor,45782,Jeddah,Full-time,E004,Q2
34,5,Bachelor,Designer,20826,Jeddah,Full-time,E013,Q5
23,23,PhD,Senior Researcher,68863,Jeddah,Full-time,E011,Q6
30,3,PhD,Research Director,45143,Jeddah,Full-time,E012,Q8
31,5,High School,Worker,4034,Dammam,Full-time,E007,Q3
52,7,Master,Researcher,35875,Dammam,Full-time,E005,Q2
26,2,Diploma,Research Director,59750,Jeddah,Full-time,E005,Q4
24,0,Diploma,Administrative Assistant,10862,Riyadh,Full-time,E012,Q2
34,8,PhD,Scientist,44311,Jeddah,Full-time,E001,Q7
19,24,Bachelor,HR Officer,17260,Dammam,Student,E012,Q4
46,28,High School,Waiter,7053,Jeddah,Full-time,E013,Q5
18,28,PhD,Senior Researcher,62662,Jeddah,Self-employed,E008,Q10
45,23,High School,Janitor,5666,Riyadh,Self-employed,E009,Q9
30,5,High School,Driver,3537,Jeddah,Full-time,E001,Q9
21,1,Diploma,Nurse,7095,Dammam,Self-employed,E007,Q1
47,22,Master,Researcher,27448,Dammam,Full-time,E005,Q7
36,3,High School,Worker,5674,Dammam,Part-time,E015,Q10
49,21,PhD,Senior Researcher,49054,Dammam,Full-time,E009,Q8
14,8,Master,Researcher,16676,Dammam,Full-time,E009,Q6
34,6,Diploma,Lab Technician,6407,Dammam,Full-time,E006,Q4
41,7,Master,Senior Engineer,23812,Jeddah,Full-time,E014,Q4
32,14,PhD,Cashier,4836,Dammam,Full-time,E013,Q4
38,4,Diploma,Lab Technician,5447,Dammam,Part-time,E005,Q5
42,23,Diploma,Technician,6576,Riyadh,Full-time,E012,Q3
44,12,Diploma,Receptionist,8192,Dammam,Full-time,E015,Q10
26,7,High School,Waiter,4616,Jeddah,Full-time,E012,Q4
31,11,Bachelor,Accountant,0,Riyadh,Self-employed,E010,Q2
41,19,PhD,Professor,41463,Jeddah,Full-time,E006,Q8
30,5,Diploma,Receptionist,5078,Dammam,Full-time,E001,Q10
45,18,Master,Project Manager,32936,Riyadh,Full-time,E006,Q6
42,11,High School,Waiter,3209,Jeddah,Full-time,E011,Q10
28,4,High School,Janitor,3204,Jeddah,Self-employed,E004,Q6
44,10,High School,Clerk,5318,Riyadh,Part-time,E008,Q2
27,9,High School,Clerk,6600,Jeddah,Full-time,E002,Q4
42,18,Master,Researcher,32397,Riyadh,Full-time,E012,Q9
13,14,High School,Cashier,4736,Jeddah,Full-time,E007,Q8
78,5,PhD,Senior Researcher,56021,Jeddah,Full-time,E006,Q4
44,2,Master,Researcher,0,Jeddah,Full-time,E013,Q7
31,1,PhD,Professor,0,Dammam,Full-time,E013,Q1
41,18,Bachelor,Marketing Specialist,22164,Riyadh,Full-time,E001,Q5
30,11,PhD,Professor,50362,Riyadh,Full-time,E011,Q9
21,1,Diploma,Lab Technician,5133,Riyadh,Full-time,E008,Q7
51,3,Bachelor,Marketing Specialist,19870,Riyadh,Full-time,E001,Q9
50,12,Bachelor,HR Officer,21189,Jeddah,Full-time,E015,Q3
84,17,Bachelor,Designer,23688,Riyadh,Full-time,E001,Q10
25,5,High School,Security Guard,4107,Riyadh,Self-employed,E003,Q8
39,0,Master,Senior Engineer,15962,Dammam,Self-employed,E012,Q5
17,29,PhD,Research Director,56815,Riyadh,Part-time,E007,Q4
20,8,PhD,Professor,57779,Jeddah,Full-time,E008,Q8
32,3,Master,Data Scientist,34272,Jeddah,Full-time,E006,Q4
58,13,PhD,Senior Researcher,61232,Dammam,Full-time,E014,Q7
50,11,Diploma,Scientist,49963,Riyadh,Self-employed,E007,Q7
56,20,PhD,Scientist,57779,Dammam,Full-time,E011,Q6
51,27,Master,Data Scientist,29771,Dammam,Full-time,E009,Q6
29,48,PhD,Department Head,52065,Dammam,Full-time,E009,Q8
48,9,Master,Consultant,37709,Dammam,Full-time,E003,Q7
20,34,Diploma,Administrative Assistant,11733,Jeddah,Self-employed,E015,Q2
37,10,Diploma,Receptionist,7348,Dammam,Full-time,E015,Q10
28,6,PhD,Professor,46942,Dammam,Full-time,E015,Q2
12,1,Diploma,Receptionist,7563,Jeddah,Full-time,E014,Q3
27,1,Bachelor,Teacher,16940,Jeddah,Full-time,E003,Q9
46,4,PhD,Professor,79307,Jeddah,Unemployed,E006,Q6
45,4,Diploma,Receptionist,7189,Riyadh,Part-time,E014,Q4
37,17,PhD,Department Head,28989,Riyadh,Full-time,E001,Q9
41,2,Bachelor,HR Officer,20951,Riyadh,Full-time,E006,Q3
30,5,Master,Data Scientist,24439,Riyadh,Full-time,E001,Q9
23,0,Bachelor,Designer,9437,Riyadh,Part-time,E005,Q9
32,2,Bachelor,Software Developer,10099,Dammam,Full-time,E014,Q4
49,28,Master,Data Scientist,39062,Riyadh,Self-employed,E009,Q6
47,24,PhD,Senior Researcher,61602,Dammam,Full-time,E001,Q10
50,22,Diploma,Technician,6411,Riyadh,Full-time,E003,Q5
37,6,Master,Researcher,37189,Jeddah,Full-time,E004,Q3
44,4,Master,Researcher,35555,Jeddah,Self-employed,E012,Q3
49,1,Master,Senior Engineer,19879,Jeddah,Full-time,E005,Q6
27,6,Master,Financial Analyst,15287,Dammam,Full-time,E003,Q6
23,0,PhD,Professor,68535,Dammam,Full-time,E008,Q10
16,5,Bachelor,Software Developer,11021,Dammam,Full-time,E015,Q8
41,6,Diploma,Administrative Assistant,5575,Jeddah,Full-time,E012,Q3
46,25,Bachelor,HR Officer,22523,Dammam,Full-time,E013,Q7
33,43,PhD,Department Head,42920,Dammam,Full-time,E007,Q6
22,3,Bachelor,Software Developer,11501,Dammam,Part-time,E006,Q1
37,18,PhD,Professor,31513,Dammam,Full-time,E004,Q9
32,3,High School,Waiter,3829,Jeddah,Self-employed,E011,Q10
23,2,Diploma,Administrative Assistant,8874,Jeddah,Part-time,E012,Q1
51,16,Bachelor,Teacher,85382,Riyadh,Unemployed,E001,Q2
21,14,Diploma,Administrative Assistant,7677,Jeddah,Student,E015,Q10
29,5,Diploma,Receptionist,5282,Jeddah,Part-time,E015,Q2
24,6,Bachelor,Accountant,20938,Dammam,Full-time,E005,Q3
30,7,High School,Worker,0,Riyadh,Full-time,E005,Q1
46,18,Diploma,Administrative Assistant,7639,Riyadh,Full-time,E007,Q9
49,17,Master,Consultant,28474,Jeddah,Part-time,E009,Q5
28,6,High School,Worker,3636,Riyadh,Full-time,E004,Q10
26,8,High School,Worker,78644,Jeddah,Unemployed,E013,Q8
28,4,Diploma,Receptionist,86013,Jeddah,Unemployed,E008,Q1
23,2,Bachelor,Marketing Specialist,8196,Dammam,Part-time,E015,Q6
28,0,Master,Consultant,51912,Dammam,Unemployed,E015,Q4
42,4,Diploma,Nurse,8829,Jeddah,Self-employed,E007,Q9
30,5,Master,Senior Engineer,35586,Jeddah,Self-employed,E001,Q8
19,0,High School,Clerk,7715,Jeddah,Full-time,E013,Q4
90,2,Bachelor,Software Developer,18799,Jeddah,Full-time,E001,Q1
20,20,Diploma,Administrative Assistant,7878,Dammam,Student,E003,Q4
28,5,Diploma,Research Director,59187,Dammam,Self-employed,E014,Q7
38,3,Master,Consultant,21929,Jeddah,Full-time,E013,Q5
48,18,Bachelor,HR Officer,18782,Dammam,Full-time,E010,Q5
43,22,Bachelor,Software Developer,18966,Jeddah,Full-time,E006,Q2
20,2,Diploma,Nurse,11090,Riyadh,Full-time,E005,Q1
30,12,Bachelor,Marketing Specialist,0,Jeddah,Full-time,E015,Q6
25,2,High School,Clerk,4596,Dammam,Full-time,E013,Q5
40,18,PhD,Research Director,53808,Dammam,Full-time,E013,Q7
40,21,Diploma,Technician,8219,Jeddah,Full-time,E012,Q5
37,0,PhD,Department Head,60210,Riyadh,Full-time,E012,Q10
27,5,High School,Scientist,62746,Riyadh,Part-time,E009,Q6
33,14,PhD,Research Director,67003,Dammam,Full-time,E011,Q9
30,5,Diploma,Lab Technician,9465,Riyadh,Full-time,E001,Q1
25,3,Master,Researcher,35836,Jeddah,Full-time,E009,Q8
51,11,Bachelor,Software Developer,17178,Jeddah,Full-time,E006,Q7
36,7,Diploma,Nurse,10745,Jeddah,Part-time,E015,Q10
28,39,PhD,Professor,54537,Dammam,Full-time,E010,Q9
35,12,Master,Senior Engineer,16095,Riyadh,Full-time,E010,Q1
41,0,Master,Project Manager,29530,Jeddah,Full-time,E010,Q9
53,29,Master,Project Manager,38777,Dammam,Full-time,E004,Q7
35,11,Diploma,Nurse,5268,Riyadh,Full-time,E012,Q1
30,2,PhD,Cashier,5365,Jeddah,Self-employed,E013,Q3
44,11,Bachelor,Accountant,9785,Dammam,Self-employed,E006,Q6
53,18,Master,Project Manager,31546,Riyadh,Full-time,E006,Q7
34,15,Bachelor,HR Officer,22274,Dammam,Full-time,E012,Q7
29,10,PhD,Research Director,60313,Riyadh,Full-time,E014,Q7
28,5,High School,Professor,52800,Dammam,Full-time,E004,Q5
38,10,Diploma,Professor,64424,Riyadh,Part-time,E008,Q8
87,3,Bachelor,Software Developer,18452,Dammam,Full-time,E012,Q10
27,7,PhD,Cashier,5019,Dammam,Full-time,E008,Q7
30,5,PhD,Senior Researcher,29838,Riyadh,Self-employed,E001,Q10
56,31,PhD,Professor,68356,Jeddah,Full-time,E014,Q5
35,17,High School,Clerk,5330,Riyadh,Full-time,E001,Q8
48,23,Diploma,Administrative Assistant,11200,Dammam,Full-time,E005,Q3
50,26,Diploma,Nurse,7292,Jeddah,Full-time,E003,Q3
43,23,PhD,Department Head,69147,Jeddah,Self-employed,E007,Q1
31,13,Master,Project Manager,30447,Riyadh,Self-employed,E013,Q1
32,11,Bachelor,HR Officer,8753,Riyadh,Full-time,E011,Q7
45,20,Master,Financial Analyst,22107,Riyadh,Full-time,E007,Q5
45,24,High School,Security Guard,6948,Dammam,Full-time,E007,Q3
29,2,Master,Project Manager,19863,Riyadh,Self-employed,E014,Q2
24,1,High School,Security Guard,3212,Riyadh,Full-time,E009,Q1
24,4,Diploma,Lab Technician,10737,Dammam,Full-time,E006,Q5
33,3,High School,Worker,4889,Dammam,Self-employed,E003,Q4
30,5,Bachelor,Accountant,20366,Jeddah,Full-time,E001,Q2
52,23,PhD,Security Guard,5675,Dammam,Full-time,E011,Q2
53,25,Master,Financial Analyst,35585,Riyadh,Full-time,E007,Q9
33,11,PhD,Professor,51861,Riyadh,Part-time,E008,Q2
47,21,Bachelor,Teacher,8275,Riyadh,Part-time,E007,Q6
37,17,High School,Waiter,3541,Dammam,Part-time,E012,Q5
42,24,High School,Research Director,76417,Jeddah,Self-employed,E006,Q8
45,17,High School,Driver,7788,Riyadh,Full-time,E013,Q2
37,11,Bachelor,Teacher,15714,Dammam,Full-time,E007,Q2
26,5,Master,Consultant,31974,Riyadh,Full-time,E002,Q9
45,14,High School,Cashier,3693,Dammam,Full-time,E011,Q10
34,14,High School,Research Director,52276,Dammam,Full-time,E010,Q4
20,2,Diploma,Administrative Assistant,9430,Riyadh,Full-time,E009,Q8
46,7,PhD,Professor,62665,Dammam,Full-time,E004,Q8
18,16,PhD,Senior Researcher,61627,Dammam,Self-employed,E002,Q10
30,5,Master,Senior Engineer,27288,Dammam,Part-time,E001,Q1
30,5,Diploma,Nurse,8794,Jeddah,Full-time,E001,Q10
42,14,High School,Janitor,3670,Dammam,Self-employed,E004,Q4
27,6,High School,Driver,3182,Dammam,Full-time,E008,Q2
44,20,Master,Consultant,27934,Dammam,Full-time,E014,Q9
43,19,PhD,Senior Researcher,84405,Dammam,Unemployed,E003,Q7
29,10,High School,Clerk,4281,Jeddah,Part-time,E001,Q1
19,19,PhD,Senior Researcher,64589,Jeddah,Student,E012,Q10
44,11,High School,Clerk,4495,Jeddah,Full-time,E010,Q10
39,20,Diploma,Receptionist,5980,Dammam,Full-time,E003,Q3
17,14,PhD,Professor,30792,Riyadh,Full-time,E010,Q9
41,9,PhD,Waiter,6139,Riyadh,Full-time,E012,Q3
35,13,Diploma,Nurse,31035,Riyadh,Unemployed,E004,Q2
36,18,Diploma,Administrative Assistant,6011,Riyadh,Full-time,E001,Q4
52,1,PhD,Janitor,6093,Riyadh,Full-time,E011,Q8
57,77,PhD,Professor,68074,Jeddah,Self-employed,E013,Q8
30,5,Diploma,Lab Technician,5752,Dammam,Part-time,E001,Q6
46,11,Diploma,Lab Technician,11378,Riyadh,Part-time,E015,Q8
55,32,PhD,Senior Researcher,64361,Dammam,Full-time,E012,Q6
35,16,Diploma,Administrative Assistant,9608,Riyadh,Self-employed,E007,Q9
49,54,Diploma,Receptionist,9315,Riyadh,Full-time,E004,Q3
45,22,Diploma,Lab Technician,9515,Riyadh,Part-time,E006,Q1
38,18,Diploma,Technician,8903,Dammam,Part-time,E008,Q9
48,17,High School,Security Guard,4746,Jeddah,Part-time,E007,Q3
34,6,High School,Waiter,0,Jeddah,Full-time,E014,Q6
58,38,PhD,Senior Researcher,52356,Jeddah,Full-time,E015,Q8
30,5,Master,Project Manager,37924,Jeddah,Self-employed,E001,Q7
29,3,High School,Scientist,63613,Jeddah,Self-employed,E010,Q10
38,8,High School,Worker,6097,Jeddah,Full-time,E003,Q4
31,12,Bachelor,Designer,19275,Riyadh,Self-employed,E013,Q5
19,18,Master,Consultant,23717,Riyadh,Student,E005,Q5
20,4,PhD,Professor,62302,Riyadh,Full-time,E013,Q6
29,4,PhD,Research Director,57188,Jeddah,Full-time,E010,Q10
30,5,PhD,Professor,47464,Riyadh,Self-employed,E001,Q10
22,2,Bachelor,Marketing Specialist,15354,Riyadh,Full-time,E007,Q3
24,4,PhD,Professor,63060,Riyadh,Full-time,E006,Q9
48,25,High School,Scientist,59448,Riyadh,Part-time,E013,Q6
53,69,Master,Consultant,34417,Jeddah,Full-time,E010,Q8
47,11,Bachelor,Analyst,14033,Riyadh,Self-employed,E011,Q6
36,0,Diploma,Research Director,57979,Riyadh,Self-employed,E005,Q6
33,15,Diploma,Nurse,10283,Dammam,Full-time,E003,Q2
15,14,Master,Data Scientist,23184,Riyadh,Full-time,E003,Q10
24,4,PhD,Waiter,5922,Dammam,Full-time,E006,Q8
47,25,Bachelor,Teacher,15811,Dammam,Full-time,E013,Q6
22,2,Bachelor,Designer,20001,Riyadh,Self-employed,E002,Q3
54,10,Master,Data Scientist,33700,Jeddah,Full-time,E012,Q2
93,21,Master,Researcher,21898,Jeddah,Part-time,E001,Q7
18,0,High School,Scientist,70819,Jeddah,Part-time,E006,Q2
30,5,Bachelor,Accountant,15186,Dammam,Part-time,E001,Q3
54,22,Master,Project Manager,0,Riyadh,Full-time,E013,Q10
44,5,High School,Cashier,5649,Riyadh,Full-time,E010,Q7
33,12,High School,Janitor,3785,Dammam,Full-time,E008,Q6
31,4,High School,Scientist,78772,Dammam,Part-time,E007,Q3
31,13,Master,Consultant,19583,Dammam,Self-employed,E011,Q1
26,3,Diploma,Nurse,9960,Jeddah,Part-time,E012,Q6
48,9,High School,Waiter,6378,Jeddah,Self-employed,E008,Q2
92,20,PhD,Senior Researcher,51334,Dammam,Full-time,E005,Q8
40,14,PhD,Senior Researcher,69050,Riyadh,Full-time,E009,Q6
30,1,Bachelor,Accountant,10796,Jeddah,Full-time,E012,Q7
53,27,Master,Consultant,17853,Riyadh,Self-employed,E015,Q5
33,12,Bachelor,Accountant,21559,Riyadh,Full-time,E006,Q4
46,27,Diploma,Lab Technician,11261,Jeddah,Full-time,E007,Q4
28,4,Diploma,Receptionist,11817,Riyadh,Full-time,E008,Q4
77,13,Bachelor,Marketing Specialist,17608,Riyadh,Full-time,E001,Q6
17,12,Master,Project Manager,20114,Jeddah,Full-time,E008,Q5
33,6,High School,Waiter,5204,Riyadh,Full-time,E003,Q1
27,4,Master,Project Manager,22933,Jeddah,Full-time,E011,Q2
37,11,High School,Janitor,5964,Riyadh,Self-employed,E011,Q10
41,2,High School,Driver,3131,Dammam,Full-time,E009,Q4
46,2,Bachelor,Marketing Specialist,24408,Dammam,Full-time,E007,Q1
18,18,PhD,Research Director,46428,Riyadh,Student,E007,Q3
27,9,Master,Researcher,32883,Dammam,Full-time,E013,Q7
34,11,PhD,Security Guard,3503,Jeddah,Self-employed,E015,Q3
47,9,Bachelor,Marketing Specialist,20121,Dammam,Part-time,E013,Q10
47,26,PhD,Professor,89087,Dammam,Unemployed,E003,Q4
32,8,Diploma,Receptionist,6470,Riyadh,Full-time,E004,Q2
37,2,Master,Project Manager,18911,Dammam,Part-time,E014,Q5
58,9,PhD,Scientist,41162,Jeddah,Full-time,E011,Q9
31,10,High School,Driver,5573,Dammam,Full-time,E003,Q2
49,31,Master,Project Manager,15394,Dammam,Self-employed,E012,Q1
32,12,Master,Senior Engineer,32307,Riyadh,Full-time,E014,Q10
16,18,Bachelor,Teacher,18850,Dammam,Part-time,E002,Q6
48,6,High School,Clerk,3581,Jeddah,Full-time,E012,Q5
20,1,Diploma,Receptionist,7876,Dammam,Full-time,E009,Q8
51,23,Bachelor,Marketing Specialist,0,Dammam,Full-time,E003,Q2
25,36,Bachelor,Designer,19230,Dammam,Part-time,E010,Q3
50,22,Master,Data Scientist,0,Jeddah,Full-time,E011,Q4
30,5,High School,Waiter,5695,Riyadh,Full-time,E001,Q2
50,6,PhD,Scientist,25764,Riyadh,Part-time,E005,Q2
49,27,Master,Project Manager,36314,Dammam,Full-time,E012,Q4
38,4,PhD,Department Head,55995,Jeddah,Part-time,E011,Q8
47,18,High School,Security Guard,7278,Riyadh,Part-time,E006,Q2
39,17,Master,Researcher,38478,Dammam,Self-employed,E012,Q5
28,7,PhD,Senior Researcher,54433,Jeddah,Full-time,E012,Q8
44,12,High School,Professor,63611,Jeddah,Part-time,E001,Q2
22,12,Bachelor,Teacher,19592,Dammam,Student,E014,Q4
30,5,Master,Financial Analyst,34587,Riyadh,Part-time,E001,Q4
30,5,Diploma,Receptionist,7619,Jeddah,Part-time,E001,Q7
29,49,Master,Researcher,33323,Dammam,Full-time,E001,Q6
43,10,Bachelor,Software Developer,17435,Riyadh,Full-time,E007,Q1
34,8,High School,Security Guard,32003,Riyadh,Unemployed,E005,Q8
36,6,PhD,Security Guard,3002,Dammam,Full-time,E006,Q2
39,7,PhD,Senior Researcher,66283,Dammam,Full-time,E004,Q4
50,9,Diploma,Technician,0,Jeddah,Self-employed,E004,Q6
30,9,Diploma,Nurse,6150,Jeddah,Self-employed,E012,Q9
24,3,PhD,Senior Researcher,68463,Riyadh,Self-employed,E002,Q10
26,3,Bachelor,HR Officer,12370,Dammam,Full-time,E012,Q2
52,15,PhD,Research Director,59919,Riyadh,Full-time,E003,Q5
22,32,PhD,Professor,76278,Dammam,Full-time,E013,Q8
21,19,High School,Janitor,4051,Jeddah,Student,E006,Q1
19,9,PhD,Senior Researcher,75821,Dammam,Part-time,E013,Q3
36,13,Diploma,Administrative Assistant,6178,Dammam,Self-employed,E009,Q1
35,15,Bachelor,Designer,24639,Dammam,Part-time,E001,Q5
45,16,Master,Data Scientist,34543,Dammam,Full-time,E009,Q2
30,5,High School,Waiter,4782,Jeddah,Full-time,E001,Q2
43,11,High School,Surgeon,49719,Riyadh,Full-time,E013,Q7
37,43,High School,Worker,3683,Dammam,Full-time,E006,Q1
47,4,High School,Clerk,4335,Riyadh,Self-employed,E010,Q2
90,2,High School,Cashier,4788,Jeddah,Full-time,E013,Q5
48,21,PhD,Department Head,68927,Jeddah,Part-time,E011,Q3
50,19,Bachelor,Marketing Specialist,10395,Dammam,Self-employed,E007,Q10
49,9,Bachelor,Marketing Specialist,16666,Dammam,Full-time,E015,Q6
36,4,PhD,Professor,38919,Dammam,Full-time,E002,Q5
34,6,High School,Cashier,3983,Dammam,Part-time,E002,Q4
42,2,Diploma,Administrative Assistant,10204,Riyadh,Full-time,E011,Q7
46,0,Diploma,Technician,8673,Jeddah,Full-time,E002,Q1
40,12,Master,Project Manager,18608,Riyadh,Full-time,E009,Q6
35,13,PhD,Department Head,51937,Jeddah,Full-time,E015,Q2
49,27,Master,Data Scientist,35159,Riyadh,Full-time,E010,Q7
57,6,High School,Research Director,78001,Jeddah,Full-time,E005,Q9
45,27,High School,Waiter,6467,Dammam,Self-employed,E001,Q8
20,0,Diploma,Lab Technician,11820,Jeddah,Full-time,E013,Q8
51,0,PhD,Professor,52276,Dammam,Full-time,E004,Q3
30,5,Diploma,Nurse,8323,Riyadh,Full-time,E001,Q6
30,5,Bachelor,Analyst,19245,Riyadh,Full-time,E001,Q3
32,12,High School,Janitor,7272,Dammam,Self-employed,E006,Q3
26,7,High School,Clerk,7164,Riyadh,Full-time,E007,Q9
43,8,Bachelor,Software Developer,23430,Jeddah,Full-time,E014,Q2
54,5,PhD,Professor,33871,Dammam,Full-time,E014,Q7
24,6,Bachelor,Designer,16067,Dammam,Full-time,E006,Q3
43,7,Master,Project Manager,17415,Dammam,Full-time,E008,Q2
46,15,Bachelor,Accountant,21959,Dammam,Full-time,E001,Q10
40,10,High School,Waiter,4136,Riyadh,Full-time,E011,Q8
20,11,Diploma,Technician,7944,Jeddah,Student,E001,Q2
20,2,High School,Driver,6023,Jeddah,Part-time,E011,Q4
45,12,Master,Financial Analyst,38403,Riyadh,Self-employed,E014,Q10
20,22,High School,Security Guard,7464,Dammam,Student,E002,Q7
47,7,PhD,Scientist,57292,Jeddah,Full-time,E011,Q2
27,0,Master,Financial Analyst,30301,Riyadh,Full-time,E011,Q3
28,2,PhD,Senior Researcher,64497,Jeddah,Full-time,E006,Q8
27,9,Bachelor,Teacher,20808,Dammam,Part-time,E007,Q9
50,8,PhD,Department Head,0,Jeddah,Full-time,E011,Q8
41,16,PhD,Waiter,4333,Jeddah,Full-time,E009,Q1
30,5,PhD,Research Director,66096,Dammam,Self-employed,E001,Q4
38,15,Bachelor,Analyst,14494,Riyadh,Full-time,E008,Q7
31,7,PhD,Research Director,0,Dammam,Full-time,E013,Q1
52,18,PhD,Senior Researcher,58838,Riyadh,Full-time,E002,Q7
37,4,PhD,Scientist,0,Riyadh,Part-time,E009,Q5
33,6,PhD,Research Director,52210,Jeddah,Self-employed,E003,Q10
47,2,Master,Researcher,15915,Dammam,Full-time,E009,Q2
52,17,Bachelor,HR Officer,0,Jeddah,Full-time,E012,Q1
46,19,Bachelor,Teacher,13164,Jeddah,Full-time,E009,Q7
46,5,Bachelor,Teacher,50713,Dammam,Unemployed,E005,Q2
50,5,PhD,Department Head,60251,Jeddah,Self-employed,E007,Q3
40,5,Master,Senior Engineer,29399,Riyadh,Full-time,E002,Q1
41,8,Diploma,Lab Technician,7954,Riyadh,Self-employed,E014,Q9
24,5,Bachelor,Accountant,18301,Dammam,Full-time,E015,Q4
21,1,Diploma,Nurse,11147,Riyadh,Full-time,E014,Q5
27,2,High School,Surgeon,55470,Jeddah,Full-time,E006,Q7
48,26,High School,Janitor,6255,Riyadh,Full-time,E005,Q2
48,8,High School,Waiter,7284,Riyadh,Full-time,E014,Q1
45,16,Bachelor,Accountant,0,Riyadh,Full-time,E015,Q5
44,13,High School,Clerk,4919,Jeddah,Self-employed,E015,Q9
25,6,Master,Researcher,30542,Riyadh,Full-time,E015,Q5
22,6,PhD,Professor,71606,Riyadh,Full-time,E014,Q6
18,22,High School,Janitor,6190,Dammam,Student,E008,Q1
74,21,Bachelor,Accountant,14182,Jeddah,Full-time,E013,Q3
52,4,Master,Data Scientist,34540,Jeddah,Full-time,E013,Q10
31,9,Bachelor,HR Officer,17303,Jeddah,Self-employed,E004,Q9
91,23,Bachelor,HR Officer,20303,Jeddah,Full-time,E014,Q9
23,0,Bachelor,Marketing Specialist,9624,Dammam,Full-time,E013,Q1
36,9,Bachelor,Marketing Specialist,84716,Dammam,Unemployed,E001,Q7
44,14,High School,Surgeon,53464,Dammam,Part-time,E004,Q2
25,5,Diploma,Nurse,10436,Jeddah,Full-time,E005,Q5
30,5,PhD,Research Director,0,Dammam,Full-time,E010,Q6
28,8,High School,Cashier,3862,Jeddah,Full-time,E013,Q7
50,11,PhD,Senior Researcher,46309,Riyadh,Full-time,E002,Q8
51,28,PhD,Research Director,31750,Jeddah,Self-employed,E001,Q4
43,6,Master,Researcher,25556,Jeddah,Full-time,E002,Q9
47,27,High School,Waiter,7214,Riyadh,Full-time,E011,Q5
28,7,Bachelor,Accountant,14798,Jeddah,Part-time,E012,Q6
39,8,Bachelor,Software Developer,20608,Jeddah,Full-time,E002,Q9
55,17,PhD,Scientist,45858,Dammam,Part-time,E009,Q1
30,11,Master,Project Manager,34155,Riyadh,Full-time,E003,Q1
48,13,Bachelor,Marketing Specialist,17315,Dammam,Full-time,E008,Q8
18,0,High School,Worker,4248,Dammam,Full-time,E008,Q4
16,13,High School,Cashier,6292,Jeddah,Full-time,E003,Q6
33,6,Diploma,Lab Technician,6681,Riyadh,Part-time,E011,Q6
36,10,PhD,Professor,62360,Riyadh,Full-time,E014,Q10
50,8,Bachelor,HR Officer,8739,Riyadh,Full-time,E013,Q2
35,17,High School,Cashier,79840,Jeddah,Unemployed,E009,Q6
49,68,PhD,Professor,64203,Dammam,Full-time,E005,Q5
33,7,High School,Security Guard,7652,Riyadh,Full-time,E004,Q8
29,5,PhD,Department Head,64704,Riyadh,Unemployed,E002,Q9
44,24,PhD,Cashier,6106,Dammam,Full-time,E011,Q7
50,62,PhD,Research Director,26333,Dammam,Full-time,E007,Q5
38,13,Diploma,Receptionist,7586,Jeddah,Part-time,E005,Q4
26,7,PhD,Cashier,4687,Jeddah,Full-time,E006,Q5
78,23,Master,Data Scientist,21132,Riyadh,Self-employed,E010,Q7
45,14,Bachelor,Accountant,0,Dammam,Full-time,E014,Q6
18,14,Bachelor,Analyst,24633,Riyadh,Student,E010,Q6
25,6,Bachelor,Analyst,10753,Dammam,Part-time,E006,Q5
54,16,Master,Consultant,18901,Dammam,Full-time,E001,Q1
31,1,PhD,Security Guard,3560,Dammam,Full-time,E011,Q3
31,7,PhD,Department Head,53041,Riyadh,Part-time,E006,Q8
30,5,PhD,Research Director,67788,Riyadh,Part-time,E001,Q7
25,1,Master,Consultant,25368,Riyadh,Full-time,E005,Q5
30,5,Master,Consultant,19426,Jeddah,Full-time,E001,Q1
37,14,Bachelor,Analyst,9957,Jeddah,Full-time,E009,Q4
51,8,Master,Consultant,21226,Dammam,Full-time,E003,Q10
26,4,High School,Janitor,6052,Jeddah,Full-time,E011,Q6
23,2,PhD,Cashier,6103,Dammam,Full-time,E003,Q4
19,21,PhD,Professor,59315,Dammam,Full-time,E005,Q6
49,8,Master,Financial Analyst,56071,Dammam,Unemployed,E006,Q1
37,3,PhD,Scientist,38095,Riyadh,Full-time,E008,Q6
34,0,Diploma,Lab Technician,10004,Jeddah,Full-time,E015,Q1
37,7,High School,Cashier,5344,Riyadh,Full-time,E004,Q1
54,25,PhD,Department Head,41202,Dammam,Full-time,E007,Q1
39,21,High School,Cashier,7261,Riyadh,Full-time,E007,Q10
58,14,PhD,Scientist,51409,Jeddah,Self-employed,E015,Q2
37,4,Diploma,Professor,68741,Jeddah,Full-time,E002,Q10
33,11,Diploma,Receptionist,11798,Riyadh,Full-time,E008,Q3
42,5,Diploma,Technician,10796,Dammam,Full-time,E001,Q7
47,13,Diploma,Nurse,7637,Jeddah,Full-time,E012,Q1
28,7,Bachelor,Software Developer,9154,Jeddah,Self-employed,E001,Q6
39,13,Diploma,Lab Technician,10647,Dammam,Part-time,E014,Q3
45,20,PhD,Department Head,29359,Jeddah,Full-time,E007,Q4
52,32,Bachelor,HR Officer,65664,Riyadh,Unemployed,E010,Q9
46,2,Diploma,Receptionist,7525,Dammam,Full-time,E004,Q1
27,7,High School,Driver,7130,Dammam,Full-time,E001,Q7
15,19,PhD,Senior Researcher,58362,Riyadh,Full-time,E011,Q4
46,11,Bachelor,Marketing Specialist,18377,Riyadh,Self-employed,E014,Q6
13,8,Bachelor,Analyst,16030,Dammam,Self-employed,E003,Q10
29,3,High School,Janitor,4836,Jeddah,Full-time,E002,Q6
32,1,Bachelor,Analyst,23804,Riyadh,Self-employed,E007,Q8
34,7,High School,Janitor,5168,Jeddah,Full-time,E007,Q6
30,3,High School,Research Director,68364,Dammam,Full-time,E001,Q8
27,9,Diploma,Receptionist,10427,Dammam,Full-time,E003,Q3
45,14,Diploma,Technician,8030,Jeddah,Full-time,E001,Q2
28,7,PhD,Department Head,68039,Dammam,Self-employed,E013,Q1
52,1,Bachelor,Marketing Specialist,20624,Dammam,Full-time,E014,Q5
35,9,High School,Clerk,4946,Dammam,Part-time,E009,Q9
73,12,Bachelor,Software Developer,19842,Riyadh,Full-time,E001,Q9
34,5,Master,Financial Analyst,30272,Riyadh,Full-time,E008,Q4
50,29,PhD,Senior Researcher,69115,Jeddah,Self-employed,E014,Q4
45,21,High School,Research Director,66874,Riyadh,Self-employed,E011,Q7
30,9,Diploma,Administrative Assistant,11032,Riyadh,Full-time,E003,Q1
34,16,High School,Research Director,63459,Riyadh,Full-time,E008,Q6
30,5,Bachelor,Analyst,8778,Riyadh,Full-time,E001,Q10
41,8,Bachelor,HR Officer,11424,Jeddah,Full-time,E006,Q1
36,16,Bachelor,Analyst,12713,Dammam,Full-time,E013,Q7
19,10,High School,Security Guard,7637,Jeddah,Student,E007,Q5
49,23,PhD,Professor,27889,Riyadh,Full-time,E007,Q4
38,6,PhD,Department Head,67347,Dammam,Part-time,E004,Q4
15,6,PhD,Department Head,27090,Jeddah,Full-time,E003,Q10
22,5,PhD,Senior Researcher,58321,Dammam,Part-time,E014,Q7
42,24,PhD,Department Head,68001,Riyadh,Unemployed,E010,Q4
52,6,PhD,Professor,49685,Jeddah,Full-time,E005,Q4
45,23,Diploma,Receptionist,10025,Jeddah,Full-time,E006,Q5
19,22,PhD,Professor,64532,Dammam,Part-time,E006,Q1
30,5,High School,Waiter,7941,Riyadh,Self-employed,E001,Q10
39,20,High School,Waiter,7820,Riyadh,Full-time,E014,Q5
34,15,PhD,Professor,37500,Dammam,Full-time,E014,Q3
40,20,Bachelor,Teacher,9426,Dammam,Full-time,E004,Q1
35,5,Bachelor,Accountant,19143,Riyadh,Full-time,E001,Q4
21,23,Master,Senior Engineer,31469,Riyadh,Student,E004,Q4
24,34,Diploma,Nurse,11263,Dammam,Full-time,E002,Q7
93,11,Master,Data Scientist,20991,Dammam,Self-employed,E015,Q10
20,10,Diploma,Nurse,8461,Dammam,Student,E013,Q5
18,12,PhD,Professor,66307,Jeddah,Full-time,E015,Q9
28,37,PhD,Department Head,32286,Dammam,Self-employed,E009,Q10
14,2,High School,Clerk,4825,Riyadh,Full-time,E005,Q8
45,1,PhD,Research Director,37305,Dammam,Self-employed,E012,Q9
25,33,High School,Janitor,5915,Jeddah,Full-time,E005,Q2
55,27,High School,Scientist,49874,Dammam,Full-time,E003,Q8
55,16,Master,Data Scientist,17742,Riyadh,Part-time,E007,Q8
50,28,Bachelor,Analyst,16549,Jeddah,Self-employed,E015,Q6
40,11,High School,Janitor,4266,Riyadh,Full-time,E001,Q7
37,0,Bachelor,Marketing Specialist,18089,Riyadh,Full-time,E008,Q8
28,9,PhD,Scientist,35628,Dammam,Part-time,E004,Q2
44,19,PhD,Senior Researcher,37294,Jeddah,Full-time,E015,Q4
40,17,Diploma,Technician,0,Dammam,Self-employed,E002,Q10
15,5,Master,Financial Analyst,20996,Dammam,Self-employed,E012,Q7
41,22,Diploma,Receptionist,5636,Jeddah,Part-time,E006,Q4
45,19,PhD,Department Head,62916,Riyadh,Full-time,E004,Q5
24,3,High School,Driver,4488,Riyadh,Full-time,E012,Q2
33,5,Bachelor,Teacher,19363,Riyadh,Full-time,E007,Q8
21,2,High School,Security Guard,5840,Jeddah,Self-employed,E004,Q3
42,13,PhD,Security Guard,6674,Riyadh,Self-employed,E002,Q5
24,0,High School,Worker,4607,Jeddah,Full-time,E008,Q5
30,45,Diploma,Lab Technician,11519,Jeddah,Full-time,E012,Q9
46,26,Diploma,Administrative Assistant,5569,Riyadh,Full-time,E006,Q4
41,20,PhD,Professor,47665,Dammam,Full-time,E009,Q2
30,7,PhD,Janitor,5898,Dammam,Self-employed,E014,Q8
45,0,Diploma,Research Director,67825,Dammam,Full-time,E006,Q8
47,25,Bachelor,Designer,12842,Riyadh,Full-time,E005,Q4
18,12,PhD,Senior Researcher,77429,Dammam,Full-time,E012,Q8
19,5,PhD,Professor,65884,Riyadh,Self-employed,E012,Q3
30,5,Diploma,Receptionist,6348,Riyadh,Full-time,E001,Q2
35,0,High School,Waiter,3018,Jeddah,Full-time,E008,Q10
37,19,Diploma,Administrative Assistant,5871,Dammam,Full-time,E006,Q5
27,1,Master,Financial Analyst,28976,Riyadh,Full-time,E010,Q10
12,5,Master,Project Manager,28318,Riyadh,Full-time,E001,Q5
34,5,Master,Project Manager,20706,Riyadh,Full-time,E004,Q10
30,5,PhD,Professor,48371,Jeddah,Full-time,E001,Q3
30,5,Master,Financial Analyst,25126,Dammam,Full-time,E001,Q1
45,1,PhD,Scientist,38522,Riyadh,Self-employed,E013,Q5
32,5,Master,Data Scientist,36296,Dammam,Full-time,E011,Q2
19,0,High School,Janitor,4781,Riyadh,Full-time,E003,Q10
28,6,PhD,Professor,0,Riyadh,Full-time,E002,Q1
30,9,Bachelor,Software Developer,16430,Dammam,Full-time,E004,Q10
50,2,Diploma,Lab Technician,9482,Riyadh,Full-time,E006,Q5
15,6,Diploma,Receptionist,10371,Riyadh,Self-employed,E012,Q6
24,1,PhD,Senior Researcher,55729,Jeddah,Part-time,E015,Q8
34,6,Diploma,Lab Technician,7860,Jeddah,Part-time,E004,Q9
48,26,Master,Data Scientist,25994,Dammam,Full-time,E002,Q8
18,0,High School,Waiter,5900,Dammam,Full-time,E003,Q3
22,0,High School,Cashier,7081,Jeddah,Part-time,E003,Q8
49,7,PhD,Department Head,33576,Jeddah,Part-time,E012,Q2
40,14,High School,Cashier,4352,Jeddah,Full-time,E009,Q3
32,38,PhD,Scientist,41111,Riyadh,Full-time,E007,Q9
43,17,Diploma,Lab Technician,31898,Dammam,Unemployed,E007,Q7
25,1,Bachelor,Teacher,24598,Dammam,Full-time,E001,Q3
19,10,PhD,Senior Researcher,63004,Jeddah,Part-time,E010,Q8
29,9,Diploma,Nurse,10374,Jeddah,Full-time,E002,Q3
24,22,PhD,Senior Researcher,58190,Jeddah,Part-time,E015,Q8
55,31,Master,Data Scientist,37552,Jeddah,Full-time,E010,Q3
32,14,High School,Driver,5422,Jeddah,Self-employed,E013,Q9
28,2,PhD,Scientist,55240,Riyadh,Part-time,E008,Q2
50,4,Bachelor,Analyst,10984,Dammam,Full-time,E010,Q2
44,14,High School,Cashier,4300,Riyadh,Full-time,E015,Q8
21,20,High School,Clerk,4078,Jeddah,Student,E014,Q7
38,10,Master,Senior Engineer,22413,Jeddah,Full-time,E006,Q10
33,43,Diploma,Receptionist,5121,Dammam,Full-time,E003,Q8
47,12,Master,Researcher,27786,Dammam,Part-time,E007,Q7
20,2,PhD,Senior Researcher,55303,Jeddah,Full-time,E012,Q6
48,30,Master,Data Scientist,25651,Dammam,Self-employed,E006,Q8
45,20,Diploma,Receptionist,6021,Jeddah,Full-time,E006,Q5
34,1,Master,Consultant,16588,Dammam,Full-time,E001,Q9
94,23,Master,Senior Engineer,36328,Dammam,Full-time,E012,Q2
15,4,Diploma,Lab Technician,6709,Jeddah,Full-time,E014,Q6
38,14,PhD,Research Director,45357,Dammam,Full-time,E011,Q10
38,5,High School,Worker,4867,Dammam,Self-employed,E012,Q3
37,0,High School,Clerk,6198,Jeddah,Full-time,E004,Q8
37,2,Bachelor,Marketing Specialist,22650,Jeddah,Self-employed,E003,Q9
24,2,High School,Janitor,3492,Riyadh,Full-time,E008,Q6
20,0,PhD,Senior Researcher,56630,Dammam,Full-time,E010,Q7
50,12,PhD,Scientist,51929,Riyadh,Part-time,E013,Q8
33,15,Master,Senior Engineer,25712,Dammam,Full-time,E009,Q7
23,5,PhD,Waiter,6467,Riyadh,Full-time,E006,Q2
42,7,PhD,Professor,34804,Jeddah,Full-time,E002,Q1
42,9,Bachelor,Teacher,0,Jeddah,Full-time,E005,Q8
32,11,Diploma,Technician,8880,Jeddah,Full-time,E004,Q7
21,4,PhD,Senior Researcher,59525,Dammam,Part-time,E004,Q5
33,3,Bachelor,Marketing Specialist,11341,Dammam,Full-time,E006,Q3
45,19,Diploma,Professor,62346,Dammam,Full-time,E007,Q7
39,3,Master,Project Manager,27464,Riyadh,Full-time,E013,Q8
33,0,Master,Senior Engineer,23363,Dammam,Full-time,E015,Q3
19,4,PhD,Professor,75463,Jeddah,Part-time,E002,Q9
25,4,Diploma,Receptionist,5519,Dammam,Full-time,E011,Q4
50,7,Bachelor,Designer,13524,Riyadh,Full-time,E007,Q9
52,6,Diploma,Surgeon,52015,Jeddah,Full-time,E005,Q7
27,2,Master,Consultant,27106,Jeddah,Full-time,E003,Q3
81,20,Diploma,Administrative Assistant,9842,Jeddah,Part-time,E006,Q7
30,5,Diploma,Administrative Assistant,7473,Riyadh,Full-time,E001,Q6
36,16,Master,Project Manager,30832,Riyadh,Full-time,E006,Q7
29,2,High School,Worker,7881,Jeddah,Part-time,E003,Q3
40,11,PhD,Department Head,29487,Jeddah,Full-time,E005,Q7
14,10,Diploma,Administrative Assistant,8160,Jeddah,Full-time,E005,Q6
25,5,Diploma,Lab Technician,6223,Jeddah,Part-time,E003,Q5
26,2,Bachelor,Designer,17268,Jeddah,Full-time,E007,Q7
36,4,High School,Cashier,4554,Riyadh,Part-time,E004,Q3
45,19,Bachelor,Marketing Specialist,22255,Riyadh,Part-time,E007,Q10
39,19,Master,Data Scientist,39311,Riyadh,Full-time,E001,Q3
23,3,High School,Security Guard,4721,Riyadh,Full-time,E006,Q9
29,9,Bachelor,HR Officer,21928,Jeddah,Part-time,E003,Q8
49,16,PhD,Senior Researcher,65312,Jeddah,Full-time,E003,Q6
91,16,Master,Consultant,29601,Riyadh,Full-time,E010,Q8
17,11,Master,Financial Analyst,24782,Dammam,Full-time,E001,Q10
31,10,High School,Cashier,5238,Jeddah,Full-time,E013,Q8
41,11,Diploma,Technician,11173,Dammam,Part-time,E006,Q7
20,23,Diploma,Technician,9629,Riyadh,Student,E004,Q9
47,4,PhD,Research Director,26158,Jeddah,Part-time,E002,Q2
46,23,Master,Consultant,38662,Dammam,Full-time,E007,Q2
22,4,High School,Clerk,6612,Riyadh,Self-employed,E012,Q8
21,2,PhD,Waiter,6073,Jeddah,Full-time,E008,Q4
27,0,Master,Project Manager,24382,Jeddah,Part-time,E002,Q3
43,11,Diploma,Lab Technician,8510,Dammam,Part-time,E001,Q5
30,1,High School,Worker,81631,Dammam,Unemployed,E004,Q4
27,8,Bachelor,Teacher,12444,Riyadh,Full-time,E008,Q4
49,1,Diploma,Lab Technician,6606,Riyadh,Full-time,E014,Q3
29,7,Bachelor,Designer,14781,Jeddah,Full-time,E005,Q1
29,5,PhD,Research Director,39139,Riyadh,Full-time,E009,Q6
50,8,Bachelor,Accountant,16314,Jeddah,Full-time,E011,Q7
25,5,PhD,Cashier,3054,Jeddah,Full-time,E011,Q7
34,3,Diploma,Receptionist,8931,Jeddah,Full-time,E013,Q9
33,8,Bachelor,Software Developer,19344,Jeddah,Full-time,E007,Q2
42,18,Bachelor,Analyst,16410,Dammam,Full-time,E013,Q8
26,31,Master,Financial Analyst,24801,Riyadh,Self-employed,E006,Q1
23,1,Bachelor,Software Developer,13986,Dammam,Full-time,E013,Q6
34,11,PhD,Department Head,56051,Jeddah,Full-time,E004,Q3
42,2,High School,Scientist,58350,Jeddah,Self-employed,E005,Q2
14,10,Diploma,Administrative Assistant,10225,Riyadh,Part-time,E011,Q10
46,26,High School,Security Guard,5787,Jeddah,Full-time,E012,Q5
24,1,PhD,Professor,61272,Riyadh,Full-time,E008,Q8
29,36,Diploma,Nurse,5024,Riyadh,Full-time,E003,Q2
28,0,Bachelor,Designer,8391,Riyadh,Full-time,E009,Q2
24,5,Diploma,Surgeon,78157,Dammam,Self-employed,E011,Q9
30,5,Diploma,Administrative Assistant,7588,Dammam,Full-time,E001,Q7
58,5,PhD,Research Director,54601,Riyadh,Full-time,E006,Q7
30,5,Bachelor,Software Developer,10168,Jeddah,Part-time,E001,Q1
53,27,Master,Researcher,37617,Riyadh,Full-time,E001,Q2
25,1,High School,Waiter,7535,Jeddah,Full-time,E009,Q2
25,7,Master,Senior Engineer,29047,Riyadh,Full-time,E012,Q3
27,4,Diploma,Lab Technician,8461,Jeddah,Self-employed,E007,Q4
31,4,PhD,Scientist,41767,Riyadh,Full-time,E012,Q8
50,24,Diploma,Nurse,9241,Riyadh,Full-time,E004,Q7
51,20,Master,Project Manager,28614,Dammam,Self-employed,E002,Q3
38,7,High School,Cashier,6049,Dammam,Full-time,E015,Q5
55,27,Diploma,Surgeon,67158,Dammam,Full-time,E009,Q1
23,37,PhD,Professor,58093,Jeddah,Full-time,E007,Q5
27,3,Bachelor,Designer,16146,Riyadh,Full-time,E006,Q6
47,3,PhD,Department Head,62929,Dammam,Self-employed,E012,Q8
47,12,Master,Data Scientist,36735,Riyadh,Part-time,E009,Q8
52,23,Bachelor,Software Developer,34688,Dammam,Unemployed,E001,Q1
41,12,Master,Consultant,17879,Riyadh,Full-time,E005,Q7
18,13,Diploma,Administrative Assistant,5393,Riyadh,Student,E009,Q10
36,13,High School,Professor,62705,Riyadh,Full-time,E011,Q8
42,17,High School,Worker,4700,Riyadh,Full-time,E005,Q7
30,5,High School,Waiter,5036,Riyadh,Full-time,E001,Q9
35,3,Bachelor,Analyst,13660,Riyadh,Full-time,E006,Q4
37,6,High School,Worker,6994,Dammam,Full-time,E012,Q2
41,21,Diploma,Lab Technician,8302,Dammam,Full-time,E003,Q2
29,1,High School,Cashier,6670,Dammam,Full-time,E003,Q2
43,7,Diploma,Technician,5931,Riyadh,Full-time,E006,Q7
26,3,Diploma,Nurse,10108,Dammam,Full-time,E009,Q4
21,11,PhD,Professor,51938,Jeddah,Full-time,E002,Q8
55,2,PhD,Senior Researcher,69689,Dammam,Part-time,E008,Q5
48,21,High School,Clerk,3665,Jeddah,Part-time,E014,Q10
21,2,Diploma,Nurse,11870,Dammam,Part-time,E015,Q1
25,1,Master,Senior Engineer,26259,Jeddah,Full-time,E004,Q3
46,15,PhD,Research Director,42420,Dammam,Full-time,E013,Q9
17,11,Diploma,Nurse,10182,Dammam,Full-time,E002,Q10
55,37,PhD,Professor,37255,Dammam,Part-time,E010,Q4
20,29,High School,Driver,6645,Riyadh,Full-time,E013,Q5
51,59,Bachelor,Analyst,14417,Riyadh,Self-employed,E014,Q10
34,4,Bachelor,Analyst,24230,Riyadh,Self-employed,E002,Q3
34,9,Bachelor,Teacher,42119,Riyadh,Unemployed,E004,Q10
54,24,PhD,Senior Researcher,85863,Dammam,Unemployed,E005,Q4
52,70,Bachelor,Accountant,20422,Riyadh,Part-time,E006,Q7
25,6,Bachelor,Analyst,9269,Jeddah,Full-time,E009,Q9
47,14,PhD,Department Head,25072,Jeddah,Full-time,E002,Q6
31,13,High School,Worker,6966,Dammam,Full-time,E009,Q7
32,14,PhD,Senior Researcher,34193,Dammam,Full-time,E012,Q6
26,0,Diploma,Technician,8962,Jeddah,Full-time,E003,Q3
32,5,Diploma,Receptionist,10797,Riyadh,Full-time,E006,Q2
41,18,High School,Security Guard,6930,Riyadh,Part-time,E008,Q9
48,11,PhD,Professor,46697,Riyadh,Full-time,E015,Q9
31,2,Bachelor,Software Developer,18487,Dammam,Self-employed,E004,Q6
23,1,Diploma,Research Director,63220,Dammam,Full-time,E002,Q4
29,47,High School,Waiter,5216,Dammam,Part-time,E008,Q10
19,12,Bachelor,Accountant,22849,Riyadh,Student,E008,Q3
29,4,Diploma,Lab Technician,7469,Dammam,Self-employed,E010,Q7
23,4,Bachelor,Designer,11643,Riyadh,Self-employed,E013,Q9
30,5,PhD,Scientist,48691,Dammam,Full-time,E001,Q1
40,16,Bachelor,Marketing Specialist,15255,Jeddah,Self-employed,E014,Q1
50,1,PhD,Scientist,62079,Dammam,Full-time,E006,Q7
22,0,Bachelor,Designer,8226,Riyadh,Full-time,E012,Q4
13,12,PhD,Professor,48662,Riyadh,Full-time,E013,Q6
49,24,Diploma,Lab Technician,10103,Riyadh,Full-time,E004,Q3
28,2,PhD,Professor,51279,Dammam,Full-time,E009,Q7
49,14,Diploma,Research Director,61820,Riyadh,Full-time,E004,Q8
51,7,Master,Project Manager,33504,Jeddah,Full-time,E002,Q2
30,12,Bachelor,Marketing Specialist,18892,Dammam,Self-employed,E004,Q9
82,33,Master,Consultant,28381,Dammam,Full-time,E004,Q10
31,0,PhD,Cashier,3696,Riyadh,Self-employed,E005,Q10
19,4,PhD,Senior Researcher,79039,Riyadh,Full-time,E001,Q5
41,20,Master,Data Scientist,28762,Jeddah,Full-time,E008,Q6
36,8,High School,Driver,4224,Jeddah,Full-time,E003,Q8
52,31,Bachelor,HR Officer,21580,Jeddah,Part-time,E010,Q9
29,11,Master,Data Scientist,65727,Jeddah,Unemployed,E013,Q10
51,12,Master,Financial Analyst,0,Jeddah,Full-time,E005,Q6
30,5,High School,Security Guard,6210,Riyadh,Self-employed,E001,Q10
45,19,High School,Janitor,4835,Jeddah,Full-time,E007,Q6
31,7,PhD,Senior Researcher,44130,Jeddah,Full-time,E002,Q4
30,5,High School,Janitor,5743,Jeddah,Part-time,E001,Q1
43,2,Master,Data Scientist,38907,Jeddah,Self-employed,E013,Q3
22,4,Diploma,Administrative Assistant,5677,Jeddah,Full-time,E003,Q4
44,22,PhD,Department Head,61998,Dammam,Full-time,E013,Q8
45,25,High School,Waiter,4394,Jeddah,Full-time,E011,Q10
38,18,High School,Waiter,4815,Jeddah,Full-time,E004,Q10
35,6,PhD,Waiter,4328,Dammam,Full-time,E006,Q3
30,5,PhD,Professor,27074,Jeddah,Full-time,E001,Q8
35,4,Master,Project Manager,36329,Jeddah,Full-time,E004,Q2
25,33,Bachelor,Marketing Specialist,15609,Jeddah,Full-time,E015,Q6
19,0,High School,Waiter,3804,Dammam,Full-time,E006,Q6
35,5,Master,Data Scientist,37226,Dammam,Part-time,E005,Q3
41,8,Master,Project Manager,28236,Riyadh,Full-time,E010,Q9
40,16,PhD,Senior Researcher,65289,Jeddah,Full-time,E011,Q6
24,6,Bachelor,Accountant,23859,Riyadh,Part-time,E014,Q2
34,3,High School,Clerk,6782,Riyadh,Full-time,E008,Q1
45,21,High School,Clerk,6167,Dammam,Full-time,E014,Q5
53,6,PhD,Department Head,32311,Dammam,Full-time,E015,Q8
30,5,Bachelor,Accountant,22752,Riyadh,Full-time,E001,Q10
40,14,Master,Consultant,29647,Dammam,Full-time,E010,Q5
35,12,Diploma,Lab Technician,10992,Riyadh,Part-time,E005,Q1
35,17,Bachelor,Teacher,13926,Dammam,Full-time,E006,Q2
34,0,High School,Clerk,3401,Dammam,Part-time,E012,Q4
30,5,High School,Janitor,4740,Jeddah,Full-time,E001,Q7
34,8,Diploma,Nurse,5698,Jeddah,Full-time,E011,Q1
48,17,High School,Worker,4808,Riyadh,Part-time,E014,Q10
22,1,Diploma,Receptionist,7577,Riyadh,Full-time,E009,Q6
45,15,Diploma,Lab Technician,33346,Jeddah,Unemployed,E011,Q9
31,4,High School,Worker,4587,Dammam,Part-time,E013,Q4
27,2,High School,Driver,6652,Riyadh,Full-time,E007,Q6
30,7,High School,Clerk,4522,Jeddah,Full-time,E003,Q8
43,17,High School,Janitor,4965,Jeddah,Full-time,E002,Q3
30,2,Master,Researcher,24583,Riyadh,Full-time,E007,Q9
27,0,Diploma,Administrative Assistant,5665,Jeddah,Full-time,E001,Q1
33,7,Bachelor,Designer,8386,Riyadh,Full-time,E015,Q8
47,20,Bachelor,Software Developer,16561,Riyadh,Full-time,E006,Q10
12,4,Bachelor,Marketing Specialist,22420,Jeddah,Full-time,E015,Q9
30,5,Diploma,Nurse,5719,Jeddah,Full-time,E001,Q9
47,14,High School,Worker,4941,Jeddah,Full-time,E006,Q3
34,0,PhD,Professor,64995,Dammam,Part-time,E012,Q8
21,17,High School,Driver,3840,Riyadh,Student,E006,Q8
55,15,Master,Financial Analyst,32632,Riyadh,Part-time,E009,Q7
43,0,High School,Driver,3042,Dammam,Full-time,E001,Q9
34,15,Bachelor,Accountant,13913,Riyadh,Full-time,E010,Q1
53,5,PhD,Department Head,0,Riyadh,Part-time,E005,Q5
28,1,Bachelor,Teacher,19339,Jeddah,Full-time,E015,Q1
37,10,Diploma,Receptionist,7490,Riyadh,Full-time,E007,Q3
34,1,High School,Security Guard,7146,Dammam,Full-time,E008,Q7
47,3,High School,Janitor,5197,Jeddah,Self-employed,E009,Q8
39,11,Master,Data Scientist,39700,Jeddah,Full-time,E002,Q7
45,17,Master,Data Scientist,16997,Riyadh,Self-employed,E008,Q6
52,23,PhD,Janitor,5950,Riyadh,Full-time,E008,Q7
31,5,PhD,Department Head,49004,Riyadh,Self-employed,E001,Q9
23,5,Bachelor,Accountant,23693,Dammam,Full-time,E002,Q9
14,0,Diploma,Lab Technician,7982,Jeddah,Full-time,E002,Q6
49,3,Diploma,Receptionist,0,Dammam,Full-time,E009,Q9
36,14,Master,Consultant,30527,Riyadh,Full-time,E007,Q10
25,2,High School,Surgeon,40390,Dammam,Full-time,E011,Q5
28,2,High School,Waiter,6938,Riyadh,Part-time,E006,Q8
21,2,Diploma,Lab Technician,11006,Riyadh,Full-time,E006,Q1
37,12,Bachelor,Marketing Specialist,15601,Jeddah,Full-time,E010,Q10
54,12,Master,Project Manager,20414,Riyadh,Self-employed,E002,Q7
20,0,PhD,Professor,50867,Riyadh,Full-time,E002,Q7
39,5,Diploma,Technician,11996,Riyadh,Self-employed,E010,Q7
51,22,PhD,Research Director,62823,Dammam,Full-time,E014,Q10
34,15,Diploma,Administrative Assistant,5744,Riyadh,Self-employed,E007,Q2
31,11,PhD,Senior Researcher,57211,Dammam,Unemployed,E011,Q3
49,24,Bachelor,Software Developer,22750,Riyadh,Self-employed,E013,Q9
31,11,Master,Senior Engineer,37629,Dammam,Unemployed,E014,Q6
38,7,Diploma,Technician,9088,Riyadh,Full-time,E009,Q7
33,2,Master,Researcher,17653,Dammam,Full-time,E010,Q10
38,8,Bachelor,Analyst,13018,Jeddah,Full-time,E006,Q8
47,5,PhD,Research Director,62020,Dammam,Part-time,E002,Q7
25,7,Bachelor,Software Developer,18781,Dammam,Part-time,E009,Q9
22,0,PhD,Senior Researcher,64795,Jeddah,Full-time,E014,Q3
32,14,PhD,Scientist,39747,Riyadh,Self-employed,E010,Q10
29,43,Master,Senior Engineer,34391,Jeddah,Full-time,E005,Q7
30,5,Master,Researcher,26801,Jeddah,Part-time,E001,Q1
18,17,Diploma,Technician,7942,Jeddah,Student,E013,Q9
40,5,PhD,Janitor,5558,Jeddah,Full-time,E001,Q7
47,20,High School,Surgeon,56958,Jeddah,Self-employed,E006,Q1
34,9,PhD,Cashier,3685,Jeddah,Full-time,E010,Q8
34,3,High School,Clerk,3625,Riyadh,Part-time,E002,Q5
19,1,High School,Security Guard,4783,Jeddah,Full-time,E013,Q5
48,20,Bachelor,Accountant,15857,Jeddah,Full-time,E006,Q6
30,5,Master,Senior Engineer,22822,Riyadh,Full-time,E001,Q7
20,0,High School,Janitor,7405,Riyadh,Full-time,E015,Q4
30,4,Master,Researcher,26886,Dammam,Full-time,E012,Q8
56,33,PhD,Senior Researcher,29728,Riyadh,Full-time,E011,Q4
27,4,Diploma,Lab Technician,9474,Dammam,Full-time,E012,Q5
22,2,Diploma,Receptionist,7916,Jeddah,Full-time,E011,Q4
45,5,High School,Scientist,65250,Riyadh,Full-time,E007,Q1
31,13,Diploma,Administrative Assistant,5651,Dammam,Self-employed,E009,Q5
46,26,Bachelor,Software Developer,15704,Jeddah,Full-time,E006,Q8
41,16,PhD,Research Director,58299,Jeddah,Self-employed,E013,Q7
81,13,Master,Senior Engineer,30891,Jeddah,Full-time,E006,Q1
19,5,PhD,Professor,70421,Jeddah,Full-time,E010,Q6
28,4,Master,Data Scientist,31963,Riyadh,Full-time,E015,Q1
33,13,High School,Worker,6378,Dammam,Self-employed,E010,Q10
50,25,PhD,Waiter,4866,Dammam,Full-time,E008,Q6
47,3,Bachelor,Accountant,63415,Dammam,Unemployed,E002,Q5
48,7,High School,Cashier,6479,Jeddah,Full-time,E004,Q3
43,8,High School,Worker,6281,Riyadh,Full-time,E002,Q6
55,11,PhD,Professor,27508,Dammam,Full-time,E001,Q9
38,7,Diploma,Lab Technician,7722,Jeddah,Full-time,E014,Q10
35,14,Master,Project Manager,32010,Jeddah,Full-time,E005,Q2
48,1,Diploma,Nurse,7783,Jeddah,Full-time,E007,Q9
53,22,Master,Data Scientist,27067,Jeddah,Full-time,E003,Q5
53,7,High School,Surgeon,74642,Riyadh,Self-employed,E007,Q2
25,4,Bachelor,Marketing Specialist,9460,Dammam,Full-time,E006,Q3
43,20,PhD,Janitor,4270,Dammam,Part-time,E008,Q7
32,5,Master,Consultant,23548,Jeddah,Full-time,E014,Q2
50,9,High School,Scientist,60004,Jeddah,Full-time,E013,Q10
21,14,High School,Worker,4767,Jeddah,Student,E015,Q4
89,11,Master,Data Scientist,34437,Riyadh,Full-time,E002,Q4
51,24,Bachelor,Analyst,14532,Dammam,Full-time,E011,Q8
49,18,PhD,Senior Researcher,67177,Jeddah,Full-time,E012,Q10
33,15,High School,Janitor,7018,Riyadh,Full-time,E007,Q9
39,3,PhD,Department Head,35976,Riyadh,Full-time,E010,Q10
43,4,Diploma,Administrative Assistant,9947,Jeddah,Full-time,E013,Q7
39,15,Master,Senior Engineer,15908,Jeddah,Full-time,E006,Q8
29,1,PhD,Scientist,66776,Dammam,Full-time,E002,Q5
54,27,PhD,Professor,49060,Riyadh,Part-time,E001,Q5
81,6,High School,Driver,5595,Dammam,Full-time,E007,Q8
29,1,Bachelor,Analyst,8613,Dammam,Full-time,E008,Q1
91,4,Bachelor,HR Officer,19039,Dammam,Self-employed,E009,Q4
23,30,PhD,Senior Researcher,69469,Dammam,Full-time,E009,Q4
20,2,High School,Clerk,3780,Riyadh,Self-employed,E004,Q7
46,17,PhD,Professor,38817,Jeddah,Self-employed,E008,Q1
29,5,Bachelor,Designer,21199,Riyadh,Full-time,E008,Q6
43,0,PhD,Scientist,55896,Riyadh,Self-employed,E005,Q4
51,6,Master,Senior Engineer,70254,Jeddah,Unemployed,E004,Q8
81,10,Diploma,Technician,8822,Riyadh,Full-time,E009,Q9
25,3,Master,Researcher,27583,Dammam,Part-time,E003,Q6
33,8,High School,Worker,4115,Riyadh,Full-time,E003,Q10
32,11,Diploma,Technician,11113,Dammam,Full-time,E001,Q9
37,9,Diploma,Nurse,9604,Jeddah,Self-employed,E007,Q3
28,1,High School,Clerk,3216,Dammam,Full-time,E001,Q3
48,17,Master,Researcher,15561,Jeddah,Full-time,E015,Q8
24,5,High School,Cashier,4237,Riyadh,Full-time,E014,Q7
33,5,Bachelor,Software Developer,9556,Riyadh,Full-time,E004,Q8
19,0,High School,Clerk,7862,Jeddah,Self-employed,E013,Q8
33,15,Diploma,Technician,11636,Dammam,Part-time,E005,Q3
43,2,High School,Clerk,7198,Dammam,Self-employed,E009,Q8
79,9,Bachelor,Analyst,16035,Jeddah,Full-time,E014,Q2
41,4,High School,Janitor,6952,Dammam,Full-time,E009,Q8
39,5,High School,Professor,47829,Dammam,Part-time,E011,Q1
34,16,Master,Data Scientist,38887,Jeddah,Full-time,E002,Q5
20,2,Diploma,Nurse,9220,Jeddah,Self-employed,E012,Q8
30,5,Diploma,Administrative Assistant,9668,Riyadh,Part-time,E001,Q4
33,7,Bachelor,Designer,21525,Jeddah,Full-time,E005,Q7
53,11,Master,Data Scientist,22651,Riyadh,Full-time,E004,Q4
18,22,Master,Consultant,31918,Dammam,Student,E011,Q4
23,0,High School,Driver,6170,Jeddah,Full-time,E005,Q5
16,5,Diploma,Technician,8577,Jeddah,Full-time,E005,Q4
44,7,Diploma,Receptionist,8429,Dammam,Full-time,E007,Q5
39,1,Master,Consultant,31786,Jeddah,Part-time,E001,Q3
21,19,High School,Security Guard,7481,Riyadh,Student,E015,Q2
32,10,Diploma,Scientist,75854,Jeddah,Full-time,E001,Q2
31,6,PhD,Janitor,5220,Jeddah,Full-time,E009,Q5
30,5,Bachelor,Software Developer,19175,Riyadh,Full-time,E001,Q6
42,23,PhD,Senior Researcher,69855,Riyadh,Full-time,E005,Q1
40,1,Bachelor,Software Developer,23433,Jeddah,Full-time,E007,Q2
35,8,High School,Clerk,3766,Riyadh,Full-time,E001,Q9
17,27,Bachelor,Teacher,14697,Dammam,Full-time,E004,Q2
42,5,Diploma,Receptionist,40871,Riyadh,Unemployed,E015,Q9
40,17,Diploma,Administrative Assistant,10017,Dammam,Self-employed,E003,Q10
41,19,High School,Clerk,6029,Jeddah,Full-time,E014,Q3
38,11,Diploma,Nurse,9670,Riyadh,Full-time,E007,Q3
40,13,Master,Financial Analyst,22665,Dammam,Full-time,E015,Q7
48,25,PhD,Research Director,0,Jeddah,Full-time,E006,Q4
37,8,Master,Researcher,0,Riyadh,Full-time,E008,Q7
33,1,Diploma,Surgeon,55359,Riyadh,Full-time,E001,Q1
39,7,Diploma,Nurse,11980,Dammam,Full-time,E008,Q5
41,3,Bachelor,Marketing Specialist,22313,Jeddah,Full-time,E002,Q9
18,0,High School,Worker,5882,Dammam,Full-time,E007,Q5
38,0,Bachelor,Designer,11157,Jeddah,Full-time,E004,Q4
33,15,PhD,Senior Researcher,60728,Riyadh,Self-employed,E013,Q9
38,17,Bachelor,Designer,24037,Jeddah,Full-time,E010,Q8
24,19,PhD,Professor,77356,Dammam,Full-time,E013,Q9
37,13,Diploma,Technician,7927,Riyadh,Full-time,E002,Q6
31,6,Diploma,Administrative Assistant,11326,Dammam,Part-time,E011,Q4
32,8,High School,Cashier,7742,Riyadh,Part-time,E012,Q6
24,4,Bachelor,Software Developer,17990,Jeddah,Full-time,E012,Q7
24,3,PhD,Security Guard,6769,Jeddah,Full-time,E006,Q10
39,9,Diploma,Nurse,9759,Riyadh,Full-time,E015,Q5
30,11,Diploma,Technician,8662,Jeddah,Full-time,E008,Q6
55,2,Master,Consultant,75758,Riyadh,Unemployed,E009,Q3
19,21,PhD,Professor,59274,Jeddah,Full-time,E006,Q9
37,43,PhD,Senior Researcher,41665,Riyadh,Self-employed,E003,Q8
46,13,Diploma,Lab Technician,6077,Jeddah,Full-time,E006,Q1
33,2,PhD,Scientist,50271,Dammam,Full-time,E014,Q5
46,23,PhD,Research Director,63599,Jeddah,Full-time,E004,Q2
22,2,High School,Security Guard,3985,Dammam,Full-time,E010,Q5
39,17,PhD,Research Director,51781,Jeddah,Self-employed,E015,Q1
21,1,Diploma,Lab Technician,10185,Riyadh,Part-time,E013,Q9
28,2,Master,Consultant,34534,Jeddah,Self-employed,E014,Q3
55,7,Master,Senior Engineer,30298,Dammam,Self-employed,E015,Q5
42,11,Diploma,Technician,8885,Dammam,Full-time,E003,Q4
41,16,PhD,Security Guard,4569,Dammam,Full-time,E006,Q5
81,16,Diploma,Nurse,8623,Riyadh,Self-employed,E013,Q10
24,1,Diploma,Technician,6346,Dammam,Self-employed,E013,Q10
24,4,High School,Worker,7589,Riyadh,Part-time,E004,Q4
35,16,Diploma,Surgeon,52190,Jeddah,Full-time,E014,Q8
30,0,PhD,Scientist,69978,Dammam,Part-time,E011,Q2
40,16,Diploma,Technician,6950,Dammam,Full-time,E008,Q5
43,6,PhD,Research Director,40555,Dammam,Self-employed,E014,Q7
50,22,PhD,Scientist,29503,Dammam,Full-time,E010,Q5
33,6,Master,Financial Analyst,29942,Dammam,Full-time,E011,Q9
51,12,PhD,Department Head,45107,Jeddah,Part-time,E015,Q10
47,2,PhD,Department Head,65976,Dammam,Part-time,E014,Q1
21,0,High School,Professor,49656,Riyadh,Full-time,E013,Q10
53,7,Master,Project Manager,21460,Jeddah,Full-time,E009,Q1
19,10,PhD,Professor,58634,Jeddah,Full-time,E007,Q8
81,28,Bachelor,Accountant,17321,Jeddah,Self-employed,E008,Q9
44,10,Bachelor,Accountant,10113,Riyadh,Full-time,E001,Q4
34,16,Diploma,Receptionist,7939,Jeddah,Part-time,E013,Q9
24,3,PhD,Professor,64611,Dammam,Part-time,E007,Q10
41,8,High School,Security Guard,6816,Dammam,Part-time,E009,Q8
49,23,PhD,Department Head,25821,Jeddah,Full-time,E011,Q9
14,4,Bachelor,Software Developer,22810,Jeddah,Full-time,E001,Q7
24,8,PhD,Senior Researcher,65013,Dammam,Full-time,E015,Q9
30,3,Diploma,Receptionist,5182,Riyadh,Full-time,E011,Q10
58,0,PhD,Scientist,53085,Riyadh,Full-time,E008,Q9
21,3,PhD,Professor,62247,Dammam,Full-time,E011,Q6
46,54,Master,Senior Engineer,27436,Dammam,Full-time,E007,Q9
30,5,Diploma,Technician,11973,Riyadh,Part-time,E001,Q6
21,12,Diploma,Lab Technician,7478,Jeddah,Student,E010,Q5
35,8,Bachelor,Analyst,17973,Dammam,Part-time,E012,Q6
35,3,High School,Clerk,5461,Dammam,Part-time,E008,Q7
30,2,PhD,Scientist,68581,Riyadh,Part-time,E006,Q2
20,2,High School,Worker,4986,Jeddah,Self-employed,E003,Q3
85,21,Diploma,Technician,8593,Jeddah,Self-employed,E003,Q7
51,1,PhD,Professor,30683,Riyadh,Full-time,E007,Q4
13,9,Master,Financial Analyst,25480,Riyadh,Self-employed,E001,Q5
78,12,High School,Cashier,3585,Riyadh,Full-time,E003,Q5
21,17,Bachelor,Software Developer,13565,Dammam,Student,E004,Q3
21,0,Diploma,Lab Technician,5047,Jeddah,Full-time,E008,Q3
55,12,Master,Consultant,35349,Dammam,Full-time,E014,Q2
44,26,Master,Financial Analyst,29627,Dammam,Full-time,E014,Q8
57,18,PhD,Professor,40365,Riyadh,Full-time,E004,Q5
92,10,Master,Researcher,39807,Jeddah,Full-time,E010,Q5
36,9,PhD,Janitor,6887,Riyadh,Full-time,E009,Q4
32,11,High School,Clerk,4141,Jeddah,Full-time,E002,Q2
20,16,Diploma,Technician,5983,Riyadh,Student,E013,Q5
30,5,High School,Cashier,3521,Jeddah,Full-time,E001,Q5
88,8,Master,Data Scientist,16558,Dammam,Self-employed,E006,Q7
19,10,Master,Project Manager,22314,Jeddah,Student,E015,Q10
24,10,PhD,Professor,58991,Dammam,Full-time,E001,Q1
20,2,High School,Waiter,5650,Riyadh,Self-employed,E004,Q9
30,0,Master,Researcher,36616,Jeddah,Full-time,E009,Q3
48,1,PhD,Research Director,29392,Jeddah,Full-time,E005,Q4
50,19,Bachelor,Software Developer,18134,Jeddah,Full-time,E009,Q6
28,0,Bachelor,Accountant,8502,Riyadh,Full-time,E011,Q6
17,0,Diploma,Technician,10020,Jeddah,Part-time,E007,Q7
40,1,High School,Waiter,6689,Riyadh,Full-time,E006,Q2
49,4,Diploma,Nurse,9174,Riyadh,Full-time,E009,Q6
13,12,Master,Researcher,19261,Riyadh,Full-time,E010,Q6
30,5,Diploma,Lab Technician,10075,Dammam,Full-time,E001,Q9
30,5,Bachelor,Teacher,23289,Riyadh,Part-time,E013,Q4
33,10,PhD,Cashier,6260,Dammam,Full-time,E002,Q1
25,0,Diploma,Technician,10760,Dammam,Part-time,E012,Q10
24,5,Diploma,Receptionist,7645,Dammam,Full-time,E015,Q5
55,28,PhD,Department Head,63139,Riyadh,Full-time,E007,Q8
38,2,Master,Senior Engineer,0,Jeddah,Full-time,E009,Q9
37,5,Diploma,Lab Technician,73709,Riyadh,Unemployed,E001,Q1
31,0,Bachelor,Designer,23761,Jeddah,Full-time,E007,Q8
36,53,Master,Project Manager,33371,Dammam,Self-employed,E015,Q9
58,2,PhD,Scientist,46476,Dammam,Part-time,E009,Q6
42,54,High School,Janitor,3952,Dammam,Full-time,E003,Q7
15,7,Bachelor,Accountant,14896,Dammam,Full-time,E008,Q9
49,29,Master,Researcher,15938,Jeddah,Full-time,E002,Q3
47,20,High School,Janitor,4030,Jeddah,Part-time,E005,Q5
13,22,High School,Clerk,3460,Jeddah,Full-time,E010,Q1
30,11,Master,Project Manager,24941,Dammam,Full-time,E001,Q4
19,25,Bachelor,Software Developer,19683,Dammam,Student,E010,Q7
56,37,PhD,Research Director,44958,Dammam,Full-time,E002,Q1
29,0,High School,Clerk,5920,Jeddah,Full-time,E007,Q8
44,10,PhD,Scientist,35917,Dammam,Self-employed,E003,Q10
24,5,Diploma,Research Director,61294,Jeddah,Full-time,E009,Q1
22,20,Bachelor,Designer,24034,Riyadh,Student,E004,Q9
33,13,PhD,Senior Researcher,58998,Jeddah,Full-time,E002,Q6
42,0,High School,Worker,6564,Riyadh,Self-employed,E012,Q8
22,18,High School,Driver,3305,Jeddah,Student,E012,Q5
37,1,PhD,Waiter,4224,Dammam,Full-time,E010,Q1
33,11,Diploma,Administrative Assistant,10459,Jeddah,Full-time,E013,Q9
24,2,Bachelor,Accountant,19816,Dammam,Full-time,E012,Q9
18,4,PhD,Senior Researcher,79411,Jeddah,Part-time,E009,Q3
26,5,High School,Clerk,6871,Dammam,Full-time,E009,Q1
48,2,Master,Senior Engineer,33314,Dammam,Full-time,E001,Q4
35,2,PhD,Senior Researcher,32159,Jeddah,Self-employed,E012,Q10
33,8,PhD,Professor,85043,Jeddah,Unemployed,E015,Q7
52,0,Master,Senior Engineer,27718,Riyadh,Full-time,E013,Q4
58,1,PhD,Scientist,56827,Jeddah,Part-time,E009,Q3
85,5,High School,Worker,7828,Jeddah,Self-employed,E002,Q6
16,18,PhD,Department Head,45095,Dammam,Full-time,E006,Q3
50,6,Diploma,Technician,6762,Riyadh,Self-employed,E012,Q6
34,16,High School,Worker,7913,Riyadh,Full-time,E005,Q4
36,12,PhD,Scientist,66240,Dammam,Full-time,E008,Q3
17,7,Master,Financial Analyst,18579,Dammam,Full-time,E001,Q8
30,5,Bachelor,Designer,17885,Dammam,Full-time,E001,Q1
39,7,PhD,Professor,57286,Jeddah,Part-time,E004,Q1
15,27,PhD,Senior Researcher,25961,Riyadh,Full-time,E013,Q8
47,5,PhD,Senior Researcher,28010,Dammam,Full-time,E015,Q3
43,20,Bachelor,HR Officer,87576,Riyadh,Unemployed,E011,Q6
28,5,Bachelor,Accountant,20498,Dammam,Full-time,E015,Q7
45,6,Bachelor,Teacher,11677,Dammam,Part-time,E003,Q4
49,31,Diploma,Surgeon,66866,Riyadh,Full-time,E011,Q8
22,42,High School,Worker,7952,Jeddah,Self-employed,E010,Q4
27,1,Master,Financial Analyst,37787,Dammam,Self-employed,E010,Q7
34,9,Bachelor,Teacher,13285,Riyadh,Part-time,E008,Q6
40,21,PhD,Research Director,41794,Dammam,Full-time,E010,Q2
41,13,Diploma,Nurse,8364,Dammam,Full-time,E010,Q2
43,6,PhD,Scientist,35723,Jeddah,Part-time,E006,Q8
24,1,High School,Driver,5505,Dammam,Part-time,E004,Q10
22,23,Diploma,Receptionist,8666,Riyadh,Student,E009,Q2
18,0,High School,Janitor,4679,Dammam,Part-time,E013,Q8
46,22,Master,Senior Engineer,38167,Dammam,Full-time,E012,Q9
47,22,High School,Cashier,6136,Jeddah,Full-time,E006,Q10
42,1,Bachelor,Designer,15613,Riyadh,Part-time,E005,Q4
32,1,Diploma,Technician,8667,Jeddah,Part-time,E006,Q6
20,14,PhD,Senior Researcher,63684,Riyadh,Part-time,E014,Q6
46,23,Diploma,Technician,5353,Dammam,Full-time,E002,Q3
21,0,Diploma,Lab Technician,7816,Riyadh,Self-employed,E005,Q2
42,53,Diploma,Lab Technician,9518,Jeddah,Full-time,E013,Q8
48,23,Diploma,Research Director,72864,Riyadh,Self-employed,E014,Q4
19,24,PhD,Department Head,49380,Jeddah,Student,E011,Q3
53,5,PhD,Department Head,25898,Dammam,Full-time,E005,Q7
45,8,Diploma,Administrative Assistant,5515,Riyadh,Full-time,E005,Q3
23,1,PhD,Senior Researcher,78695,Riyadh,Full-time,E011,Q6
49,1,Master,Data Scientist,21004,Riyadh,Full-time,E004,Q4
29,7,Bachelor,Designer,16485,Riyadh,Full-time,E003,Q4
22,0,Bachelor,Designer,12248,Riyadh,Part-time,E003,Q6
25,0,Diploma,Administrative Assistant,10350,Jeddah,Full-time,E006,Q4
47,11,High School,Security Guard,6841,Riyadh,Part-time,E004,Q2
47,6,High School,Cashier,3879,Riyadh,Part-time,E009,Q10
30,5,Bachelor,Accountant,19562,Dammam,Self-employed,E001,Q5
48,1,Master,Data Scientist,30128,Dammam,Part-time,E003,Q3
30,5,Bachelor,Designer,13953,Jeddah,Self-employed,E001,Q6
17,5,PhD,Department Head,60578,Riyadh,Self-employed,E012,Q1
42,50,PhD,Department Head,41924,Dammam,Full-time,E011,Q3
16,9,Bachelor,Teacher,14399,Dammam,Self-employed,E006,Q10
88,11,Bachelor,Software Developer,18311,Dammam,Full-time,E001,Q1
24,4,PhD,Senior Researcher,71986,Riyadh,Full-time,E003,Q8
18,23,PhD,Professor,59860,Jeddah,Part-time,E008,Q4
47,28,PhD,Professor,79507,Dammam,Unemployed,E008,Q6
52,1,PhD,Senior Researcher,58401,Jeddah,Full-time,E008,Q4
46,1,Master,Senior Engineer,39862,Jeddah,Full-time,E009,Q6
30,5,Bachelor,Teacher,10952,Riyadh,Full-time,E001,Q6
33,3,PhD,Department Head,64959,Dammam,Full-time,E013,Q10
29,11,High School,Driver,3712,Riyadh,Part-time,E004,Q2
12,7,High School,Janitor,3756,Jeddah,Self-employed,E005,Q10
48,1,Bachelor,Accountant,12563,Dammam,Full-time,E013,Q10
35,5,High School,Scientist,46087,Jeddah,Full-time,E010,Q2
14,10,Diploma,Administrative Assistant,5862,Jeddah,Part-time,E014,Q2
50,13,Bachelor,Designer,22750,Riyadh,Part-time,E015,Q8
36,0,Diploma,Nurse,8147,Riyadh,Full-time,E002,Q10
42,19,Master,Financial Analyst,30732,Dammam,Full-time,E008,Q4
47,23,Diploma,Lab Technician,9053,Riyadh,Full-time,E009,Q2
30,5,Bachelor,Software Developer,10645,Jeddah,Self-employed,E001,Q2
42,1,Bachelor,Analyst,22644,Riyadh,Full-time,E013,Q6
43,11,Diploma,Administrative Assistant,6259,Riyadh,Self-employed,E011,Q2
41,16,Diploma,Receptionist,9274,Dammam,Full-time,E013,Q3
25,3,Diploma,Receptionist,6158,Riyadh,Full-time,E015,Q6
32,12,Bachelor,Analyst,0,Jeddah,Part-time,E006,Q6
13,6,High School,Waiter,3052,Jeddah,Full-time,E002,Q8
82,2,High School,Security Guard,6032,Dammam,Part-time,E015,Q10
26,0,Master,Consultant,36352,Dammam,Self-employed,E004,Q9
28,1,High School,Janitor,5669,Jeddah,Self-employed,E014,Q4
49,30,PhD,Senior Researcher,61281,Jeddah,Part-time,E013,Q8
41,16,PhD,Cashier,5734,Jeddah,Part-time,E004,Q7
53,20,PhD,Scientist,49956,Jeddah,Full-time,E009,Q8
47,12,PhD,Cashier,6641,Dammam,Full-time,E013,Q6
30,5,Master,Senior Engineer,34311,Riyadh,Full-time,E001,Q1
29,9,Diploma,Lab Technician,6256,Dammam,Part-time,E001,Q10
30,8,Diploma,Nurse,11784,Dammam,Part-time,E002,Q8
23,5,Diploma,Nurse,10466,Riyadh,Self-employed,E015,Q2
37,9,PhD,Department Head,66267,Jeddah,Self-employed,E007,Q2
20,25,Bachelor,Software Developer,16180,Riyadh,Student,E008,Q9
21,19,PhD,Senior Researcher,65162,Dammam,Student,E012,Q8
29,10,Diploma,Technician,10183,Dammam,Full-time,E007,Q10
33,4,Master,Financial Analyst,0,Jeddah,Full-time,E015,Q1
48,11,PhD,Research Director,61982,Riyadh,Unemployed,E010,Q8
27,1,High School,Clerk,6993,Jeddah,Full-time,E012,Q1
30,12,Master,Researcher,24908,Riyadh,Full-time,E015,Q7
43,7,PhD,Scientist,58182,Dammam,Full-time,E001,Q9
24,0,High School,Security Guard,5773,Riyadh,Part-time,E012,Q4
40,51,Bachelor,Software Developer,15234,Dammam,Full-time,E010,Q10
33,11,High School,Clerk,7077,Dammam,Full-time,E003,Q6
22,0,Bachelor,Designer,17110,Riyadh,Self-employed,E007,Q5
26,2,Diploma,Professor,74453,Jeddah,Full-time,E015,Q5
40,7,Diploma,Nurse,10441,Jeddah,Full-time,E001,Q3
44,16,High School,Cashier,70373,Dammam,Unemployed,E005,Q9
30,5,PhD,Department Head,53805,Jeddah,Full-time,E001,Q7
27,2,Bachelor,Designer,14672,Dammam,Part-time,E013,Q10
48,14,Master,Consultant,34813,Jeddah,Full-time,E006,Q1
31,9,High School,Janitor,7042,Jeddah,Full-time,E013,Q7
35,13,Bachelor,Analyst,0,Jeddah,Self-employed,E012,Q2
28,3,Master,Consultant,22692,Dammam,Self-employed,E014,Q3
30,5,Bachelor,Accountant,12976,Riyadh,Full-time,E001,Q8
30,5,PhD,Professor,41660,Jeddah,Full-time,E009,Q6
58,19,PhD,Department Head,61469,Dammam,Part-time,E015,Q4
42,8,Master,Senior Engineer,28183,Dammam,Self-employed,E007,Q5
32,9,High School,Clerk,5957,Dammam,Full-time,E013,Q6
47,6,High School,Janitor,4238,Dammam,Full-time,E005,Q8
29,2,High School,Worker,7583,Jeddah,Full-time,E002,Q6
79,3,Diploma,Administrative Assistant,5083,Dammam,Part-time,E013,Q7
31,10,High School,Surgeon,52987,Jeddah,Full-time,E002,Q10
31,12,High School,Professor,41415,Riyadh,Full-time,E015,Q1
51,11,Master,Senior Engineer,19046,Jeddah,Full-time,E008,Q7
20,8,PhD,Senior Researcher,51706,Dammam,Self-employed,E001,Q6
43,1,Bachelor,Accountant,19944,Riyadh,Self-employed,E004,Q3
29,4,Diploma,Nurse,7725,Jeddah,Self-employed,E008,Q2
19,10,PhD,Professor,56135,Jeddah,Student,E011,Q3
24,1,High School,Waiter,7740,Dammam,Full-time,E015,Q1
45,5,Master,Financial Analyst,19877,Riyadh,Full-time,E015,Q6
35,17,High School,Research Director,73770,Riyadh,Full-time,E010,Q5
44,20,Diploma,Lab Technician,8156,Riyadh,Full-time,E015,Q1
27,0,High School,Waiter,76303,Riyadh,Unemployed,E001,Q1
49,25,Bachelor,Marketing Specialist,17550,Riyadh,Full-time,E014,Q7
24,2,Diploma,Receptionist,8341,Riyadh,Full-time,E014,Q10
25,1,Diploma,Research Director,62180,Riyadh,Full-time,E002,Q7
33,10,Bachelor,Marketing Specialist,13630,Riyadh,Full-time,E003,Q10
23,0,Diploma,Surgeon,49356,Riyadh,Full-time,E008,Q10
25,6,High School,Clerk,5933,Dammam,Full-time,E014,Q2
36,7,Diploma,Nurse,8380,Riyadh,Self-employed,E012,Q3
53,18,Master,Researcher,15749,Riyadh,Part-time,E005,Q6
33,8,PhD,Scientist,27319,Riyadh,Full-time,E009,Q1
20,19,High School,Cashier,3356,Riyadh,Student,E005,Q10
54,3,Master,Consultant,30545,Dammam,Full-time,E009,Q4
47,18,PhD,Department Head,33410,Dammam,Part-time,E011,Q4
49,7,Master,Senior Engineer,15162,Dammam,Full-time,E010,Q10
48,17,Diploma,Nurse,0,Jeddah,Self-employed,E010,Q6
91,6,Bachelor,Teacher,10275,Riyadh,Full-time,E007,Q3
34,0,PhD,Research Director,48301,Jeddah,Full-time,E011,Q5
43,19,Master,Researcher,38199,Jeddah,Full-time,E010,Q10
40,6,Diploma,Lab Technician,10230,Jeddah,Full-time,E013,Q1
30,9,Diploma,Administrative Assistant,7624,Jeddah,Full-time,E008,Q2
43,0,PhD,Cashier,4329,Dammam,Full-time,E007,Q10
38,11,Diploma,Technician,5287,Riyadh,Full-time,E002,Q4
43,8,PhD,Professor,43610,Riyadh,Self-employed,E006,Q1
35,7,Master,Consultant,0,Dammam,Full-time,E002,Q6
39,17,PhD,Scientist,56247,Dammam,Full-time,E012,Q1
37,4,Bachelor,Designer,18531,Dammam,Full-time,E014,Q1
19,0,High School,Clerk,5654,Jeddah,Full-time,E007,Q9
32,8,High School,Security Guard,5228,Dammam,Full-time,E010,Q7
57,24,PhD,Research Director,61562,Dammam,Self-employed,E006,Q6
54,18,Master,Project Manager,34841,Jeddah,Self-employed,E010,Q5
37,19,Diploma,Administrative Assistant,9965,Dammam,Full-time,E011,Q7
19,0,High School,Security Guard,7659,Dammam,Part-time,E011,Q1
24,3,Diploma,Administrative Assistant,11111,Riyadh,Full-time,E014,Q4
21,3,Diploma,Lab Technician,9501,Dammam,Part-time,E015,Q4
38,8,Master,Project Manager,84516,Dammam,Unemployed,E012,Q3
30,2,High School,Worker,4846,Dammam,Self-employed,E014,Q3
50,11,Bachelor,Software Developer,19915,Riyadh,Full-time,E009,Q7
45,25,Bachelor,Software Developer,15532,Jeddah,Full-time,E005,Q1
30,5,Diploma,Receptionist,5474,Riyadh,Full-time,E001,Q3
27,6,Diploma,Professor,65917,Riyadh,Full-time,E007,Q1
18,0,High School,Clerk,6098,Jeddah,Self-employed,E006,Q9
35,11,Master,Consultant,29405,Dammam,Full-time,E002,Q5
14,15,Master,Researcher,26875,Jeddah,Full-time,E001,Q5
31,10,Master,Financial Analyst,23836,Riyadh,Full-time,E009,Q7
23,4,Diploma,Technician,9531,Dammam,Full-time,E002,Q8
41,0,Bachelor,HR Officer,9093,Jeddah,Full-time,E001,Q4
32,14,High School,Worker,6549,Jeddah,Self-employed,E010,Q4
19,25,Bachelor,Accountant,17685,Dammam,Student,E002,Q4
40,13,Bachelor,Designer,8306,Jeddah,Self-employed,E009,Q7
19,1,High School,Clerk,5956,Jeddah,Part-time,E004,Q2
45,16,High School,Waiter,4264,Jeddah,Full-time,E014,Q8
30,2,Diploma,Technician,5312,Dammam,Self-employed,E011,Q7
37,0,PhD,Scientist,31738,Dammam,Full-time,E001,Q3
29,11,Diploma,Technician,0,Dammam,Full-time,E012,Q8
18,4,PhD,Senior Researcher,75051,Dammam,Full-time,E010,Q3
39,15,High School,Scientist,41648,Jeddah,Full-time,E008,Q8
36,0,Master,Consultant,0,Riyadh,Full-time,E013,Q6
30,5,Master,Financial Analyst,15778,Riyadh,Full-time,E001,Q6
75,18,Master,Project Manager,25384,Jeddah,Full-time,E002,Q3
36,50,Master,Senior Engineer,18827,Jeddah,Full-time,E009,Q5
36,14,Diploma,Scientist,45807,Jeddah,Full-time,E010,Q10
31,2,PhD,Senior Researcher,41587,Jeddah,Part-time,E011,Q4
81,8,Diploma,Receptionist,6767,Jeddah,Full-time,E012,Q8
28,2,High School,Professor,68096,Riyadh,Full-time,E006,Q8
21,0,High School,Security Guard,5461,Jeddah,Self-employed,E009,Q6
57,1,PhD,Department Head,36498,Dammam,Full-time,E008,Q7
42,9,Master,Consultant,18433,Dammam,Self-employed,E007,Q8
22,16,PhD,Senior Researcher,65100,Jeddah,Part-time,E001,Q4
54,34,PhD,Cashier,3794,Riyadh,Self-employed,E007,Q7
30,5,High School,Security Guard,7893,Jeddah,Self-employed,E001,Q4
36,4,Bachelor,Software Developer,14116,Jeddah,Full-time,E001,Q7
43,23,High School,Cashier,7288,Dammam,Full-time,E015,Q7
47,4,Master,Financial Analyst,22570,Riyadh,Full-time,E008,Q6
39,5,Master,Data Scientist,39612,Riyadh,Full-time,E010,Q3
35,9,Diploma,Lab Technician,9741,Jeddah,Full-time,E001,Q1
25,5,High School,Security Guard,6289,Jeddah,Part-time,E008,Q3
19,3,PhD,Senior Researcher,60952,Riyadh,Part-time,E006,Q9
42,17,Bachelor,Designer,21088,Jeddah,Self-employed,E004,Q1
35,17,Diploma,Lab Technician,7753,Jeddah,Full-time,E003,Q8
43,0,Bachelor,Accountant,13828,Jeddah,Full-time,E010,Q3
30,4,High School,Driver,3348,Dammam,Full-time,E006,Q10
49,29,Master,Data Scientist,30173,Jeddah,Full-time,E001,Q1
34,8,Bachelor,Accountant,12219,Dammam,Full-time,E012,Q6
37,10,Diploma,Nurse,43821,Dammam,Unemployed,E008,Q8
18,11,Diploma,Lab Technician,10183,Riyadh,Student,E009,Q7
32,13,High School,Janitor,4636,Jeddah,Self-employed,E012,Q2
31,6,PhD,Research Director,48872,Dammam,Self-employed,E014,Q2
45,27,High School,Driver,7075,Dammam,Full-time,E011,Q8
18,21,Bachelor,Marketing Specialist,14035,Dammam,Student,E005,Q8
39,0,Diploma,Receptionist,11201,Jeddah,Full-time,E010,Q3
27,4,Master,Financial Analyst,22497,Dammam,Full-time,E004,Q5
17,12,Bachelor,Analyst,19730,Jeddah,Full-time,E010,Q4
45,9,Master,Researcher,36900,Dammam,Full-time,E010,Q8
33,4,Master,Consultant,23716,Dammam,Full-time,E005,Q9
18,0,High School,Janitor,4486,Jeddah,Self-employed,E004,Q7
29,9,Master,Project Manager,15293,Riyadh,Full-time,E006,Q6
36,10,Master,Senior Engineer,16021,Riyadh,Full-time,E013,Q7
43,18,High School,Security Guard,3814,Dammam,Full-time,E009,Q5
21,2,Diploma,Nurse,5719,Dammam,Full-time,E003,Q10
35,3,Master,Consultant,20541,Riyadh,Part-time,E015,Q5
48,17,PhD,Research Director,26116,Jeddah,Full-time,E014,Q1
30,12,Bachelor,Teacher,9074,Jeddah,Full-time,E014,Q5
42,18,PhD,Senior Researcher,47534,Jeddah,Full-time,E007,Q6
31,13,Diploma,Technician,11080,Riyadh,Full-time,E012,Q6
48,12,PhD,Scientist,36190,Riyadh,Full-time,E010,Q4
25,7,Bachelor,Teacher,12685,Dammam,Full-time,E013,Q6
16,7,Diploma,Technician,10223,Dammam,Part-time,E009,Q1
27,6,Master,Project Manager,28647,Jeddah,Full-time,E005,Q10
31,3,Bachelor,Accountant,24429,Riyadh,Full-time,E001,Q9
44,21,Master,Financial Analyst,24939,Jeddah,Part-time,E012,Q7
42,14,Master,Project Manager,30699,Dammam,Full-time,E015,Q1
16,2,Diploma,Nurse,11718,Riyadh,Self-employed,E006,Q2
57,3,PhD,Research Director,44955,Jeddah,Full-time,E006,Q5
29,2,Master,Senior Engineer,27561,Jeddah,Part-time,E004,Q3
39,20,Bachelor,Designer,15694,Jeddah,Self-employed,E011,Q3
36,18,Bachelor,Analyst,10218,Riyadh,Part-time,E010,Q10
52,24,PhD,Scientist,38524,Riyadh,Part-time,E009,Q7
40,12,High School,Worker,6306,Riyadh,Full-time,E011,Q9
25,6,High School,Waiter,0,Dammam,Full-time,E011,Q9
30,5,Master,Project Manager,25352,Dammam,Full-time,E001,Q1
27,2,Diploma,Technician,6707,Riyadh,Full-time,E002,Q4
42,17,Bachelor,HR Officer,18146,Dammam,Full-time,E001,Q6
52,14,Master,Data Scientist,31210,Riyadh,Full-time,E004,Q7
47,1,Master,Consultant,22810,Riyadh,Full-time,E015,Q1
34,6,PhD,Cashier,4194,Dammam,Self-employed,E008,Q8
42,19,Bachelor,Marketing Specialist,22316,Jeddah,Part-time,E012,Q3
50,0,Diploma,Lab Technician,7660,Dammam,Self-employed,E009,Q5
33,4,PhD,Scientist,46305,Jeddah,Full-time,E002,Q4
29,7,PhD,Professor,58401,Riyadh,Unemployed,E002,Q5
37,5,Diploma,Administrative Assistant,7271,Dammam,Self-employed,E011,Q6
18,1,PhD,Professor,78200,Riyadh,Part-time,E010,Q7
20,14,Diploma,Technician,10850,Dammam,Student,E004,Q1
47,13,Diploma,Nurse,5016,Dammam,Full-time,E005,Q4
18,20,Master,Senior Engineer,23056,Jeddah,Student,E010,Q6
28,1,PhD,Janitor,6024,Riyadh,Self-employed,E007,Q2
40,4,Master,Data Scientist,29644,Jeddah,Full-time,E012,Q3
38,3,PhD,Senior Researcher,53656,Riyadh,Full-time,E014,Q5
30,5,Bachelor,Teacher,19659,Riyadh,Self-employed,E001,Q4
32,14,High School,Worker,4800,Jeddah,Full-time,E003,Q10
28,7,High School,Worker,3718,Riyadh,Self-employed,E008,Q10
51,27,PhD,Senior Researcher,65521,Jeddah,Unemployed,E013,Q10
46,13,Master,Consultant,17898,Dammam,Part-time,E001,Q1
38,10,High School,Worker,3423,Dammam,Full-time,E008,Q10
29,6,Bachelor,Analyst,12391,Jeddah,Full-time,E014,Q7
42,8,PhD,Professor,44807,Riyadh,Part-time,E006,Q5
30,5,Diploma,Technician,7333,Dammam,Full-time,E001,Q10
32,8,Bachelor,Teacher,22135,Riyadh,Full-time,E005,Q10
20,21,PhD,Professor,74666,Jeddah,Full-time,E007,Q10
30,5,Bachelor,Software Developer,23467,Riyadh,Full-time,E001,Q5
41,9,High School,Waiter,6969,Jeddah,Full-time,E002,Q2
41,19,Diploma,Surgeon,72838,Dammam,Self-employed,E014,Q5
32,10,PhD,Professor,66020,Riyadh,Full-time,E009,Q9
30,5,Master,Senior Engineer,23892,Jeddah,Full-time,E001,Q10
46,27,Master,Financial Analyst,35539,Riyadh,Full-time,E005,Q5
92,25,PhD,Department Head,37180,Jeddah,Part-time,E003,Q6
52,7,Bachelor,Marketing Specialist,70160,Jeddah,Unemployed,E010,Q10
32,13,High School,Security Guard,0,Dammam,Full-time,E008,Q8
36,17,Bachelor,Teacher,15240,Dammam,Self-employed,E006,Q10
29,6,High School,Clerk,6891,Riyadh,Full-time,E014,Q2
15,4,Master,Consultant,21536,Dammam,Part-time,E012,Q6
36,18,PhD,Scientist,0,Jeddah,Full-time,E002,Q7
33,3,Bachelor,Teacher,15543,Dammam,Self-employed,E012,Q5
58,28,PhD,Scientist,60856,Riyadh,Part-time,E008,Q10
45,23,Bachelor,Designer,17713,Jeddah,Full-time,E008,Q1
30,5,Bachelor,Teacher,18201,Dammam,Self-employed,E001,Q3
32,13,Bachelor,Teacher,8540,Jeddah,Full-time,E012,Q3
27,2,High School,Driver,4503,Dammam,Full-time,E003,Q10
30,5,Diploma,Administrative Assistant,8782,Riyadh,Full-time,E001,Q6
21,20,High School,Waiter,4845,Jeddah,Student,E012,Q4
45,12,Master,Data Scientist,89089,Riyadh,Unemployed,E014,Q8
50,12,Bachelor,Accountant,19030,Riyadh,Full-time,E006,Q5
36,4,High School,Clerk,5833,Jeddah,Full-time,E015,Q8
34,15,Master,Senior Engineer,24802,Jeddah,Full-time,E008,Q8
47,7,Bachelor,Designer,12584,Riyadh,Self-employed,E006,Q2
52,29,Master,Senior Engineer,36699,Dammam,Full-time,E013,Q2
39,1,Master,Consultant,28380,Jeddah,Full-time,E007,Q4
46,4,Master,Financial Analyst,36067,Jeddah,Part-time,E014,Q1
14,7,High School,Janitor,3586,Riyadh,Part-time,E006,Q1
38,15,PhD,Research Director,40984,Dammam,Part-time,E005,Q1
40,47,High School,Security Guard,4366,Dammam,Full-time,E004,Q7
29,2,PhD,Scientist,34722,Dammam,Part-time,E013,Q8
44,26,Diploma,Administrative Assistant,6874,Dammam,Full-time,E012,Q10
29,7,High School,Janitor,5734,Jeddah,Full-time,E013,Q1
47,10,Diploma,Lab Technician,10036,Riyadh,Full-time,E013,Q9
35,8,PhD,Security Guard,4476,Riyadh,Full-time,E013,Q7
30,5,PhD,Department Head,57108,Dammam,Full-time,E001,Q4
46,14,High School,Clerk,4583,Jeddah,Self-employed,E005,Q9
42,0,Bachelor,Marketing Specialist,9722,Jeddah,Full-time,E014,Q9
25,38,Master,Researcher,23444,Jeddah,Full-time,E012,Q8
26,6,High School,Clerk,7160,Riyadh,Self-employed,E012,Q6
38,14,Master,Project Manager,38974,Dammam,Full-time,E005,Q4
21,8,PhD,Senior Researcher,60434,Jeddah,Part-time,E001,Q8
19,26,High School,Worker,4736,Dammam,Full-time,E012,Q7
48,15,PhD,Security Guard,4850,Riyadh,Full-time,E011,Q7
28,1,Diploma,Receptionist,50453,Riyadh,Unemployed,E008,Q6
33,7,Master,Data Scientist,19447,Dammam,Full-time,E006,Q8
37,18,High School,Driver,3829,Dammam,Full-time,E003,Q3
23,3,High School,Scientist,40091,Dammam,Full-time,E006,Q7
19,19,PhD,Professor,58530,Dammam,Self-employed,E012,Q6
24,15,PhD,Senior Researcher,65138,Jeddah,Full-time,E014,Q10
50,29,Diploma,Administrative Assistant,6435,Riyadh,Self-employed,E011,Q1
40,10,Master,Financial Analyst,33425,Riyadh,Full-time,E006,Q2
25,1,Diploma,Lab Technician,7623,Jeddah,Full-time,E008,Q9
30,6,Bachelor,Software Developer,20404,Dammam,Full-time,E001,Q4
53,20,Master,Data Scientist,21082,Jeddah,Full-time,E011,Q9
71,2,PhD,Scientist,64397,Dammam,Full-time,E014,Q9
25,5,Master,Senior Engineer,35077,Riyadh,Full-time,E012,Q5
30,7,Bachelor,Accountant,12821,Dammam,Full-time,E008,Q2
31,13,High School,Cashier,3741,Jeddah,Full-time,E013,Q7
51,13,PhD,Waiter,5728,Riyadh,Full-time,E014,Q10
95,12,Master,Project Manager,16385,Jeddah,Part-time,E002,Q5
34,15,Bachelor,Marketing Specialist,19851,Riyadh,Full-time,E014,Q8
20,1,High School,Driver,88520,Jeddah,Unemployed,E014,Q2
50,23,Bachelor,Teacher,0,Riyadh,Full-time,E004,Q8
49,27,Diploma,Receptionist,0,Dammam,Full-time,E002,Q3
38,8,Diploma,Lab Technician,0,Riyadh,Full-time,E013,Q4
20,18,PhD,Senior Researcher,74307,Jeddah,Full-time,E006,Q8
43,10,Bachelor,Accountant,15012,Dammam,Full-time,E012,Q3
32,11,Bachelor,HR Officer,0,Jeddah,Full-time,E010,Q6
44,1,Diploma,Receptionist,11917,Dammam,Full-time,E004,Q10
50,28,Master,Data Scientist,18713,Jeddah,Full-time,E015,Q7
24,19,PhD,Professor,57692,Riyadh,Full-time,E003,Q2
24,1,Bachelor,Accountant,23311,Jeddah,Part-time,E007,Q5
47,8,High School,Worker,4247,Riyadh,Full-time,E013,Q4
49,19,Master,Financial Analyst,20915,Jeddah,Self-employed,E009,Q4
39,3,Bachelor,HR Officer,14721,Jeddah,Part-time,E015,Q9
18,0,High School,Worker,6291,Jeddah,Full-time,E002,Q2
36,8,Master,Researcher,28863,Dammam,Full-time,E003,Q9
45,24,PhD,Security Guard,6245,Jeddah,Full-time,E012,Q6
36,1,High School,Security Guard,7223,Dammam,Full-time,E013,Q5
52,10,PhD,Professor,28296,Riyadh,Full-time,E015,Q3
30,8,High School,Clerk,3828,Dammam,Full-time,E006,Q5
40,6,Diploma,Lab Technician,7169,Dammam,Self-employed,E009,Q1
44,53,PhD,Senior Researcher,53162,Jeddah,Part-time,E004,Q10
19,21,Diploma,Nurse,9177,Jeddah,Student,E004,Q10
30,12,Master,Senior Engineer,37296,Dammam,Full-time,E006,Q2
39,7,PhD,Department Head,34883,Riyadh,Part-time,E006,Q4
19,15,High School,Clerk,3996,Jeddah,Student,E011,Q9
34,3,Master,Data Scientist,56387,Riyadh,Unemployed,E014,Q2
44,19,Bachelor,Accountant,20503,Jeddah,Full-time,E004,Q7
32,9,Bachelor,Designer,22279,Dammam,Full-time,E012,Q9
37,15,Diploma,Nurse,7529,Riyadh,Full-time,E013,Q4
15,18,Master,Researcher,17038,Dammam,Full-time,E011,Q8
28,3,High School,Security Guard,3941,Riyadh,Full-time,E009,Q5
18,22,Diploma,Administrative Assistant,5447,Riyadh,Student,E011,Q10
33,10,High School,Worker,7765,Jeddah,Full-time,E005,Q5
24,22,PhD,Senior Researcher,61633,Riyadh,Full-time,E007,Q7
24,4,PhD,Senior Researcher,58412,Jeddah,Full-time,E002,Q2
51,28,Bachelor,Designer,9629,Jeddah,Part-time,E006,Q3
53,4,PhD,Janitor,3218,Riyadh,Self-employed,E007,Q7
38,7,Bachelor,Analyst,23483,Dammam,Self-employed,E004,Q2
42,6,Diploma,Nurse,6243,Jeddah,Full-time,E011,Q1
30,5,High School,Driver,7972,Riyadh,Full-time,E001,Q10
27,5,Bachelor,Designer,19759,Dammam,Full-time,E001,Q9
34,11,PhD,Scientist,38190,Jeddah,Self-employed,E012,Q9
40,18,PhD,Waiter,3295,Dammam,Full-time,E012,Q5
33,14,High School,Driver,7463,Dammam,Part-time,E011,Q9
30,2,High School,Driver,5184,Dammam,Part-time,E012,Q10
47,13,PhD,Senior Researcher,63378,Riyadh,Full-time,E007,Q1
36,3,Diploma,Technician,6134,Riyadh,Full-time,E001,Q6
28,5,Bachelor,Marketing Specialist,14341,Dammam,Full-time,E011,Q4
46,10,Bachelor,Software Developer,18082,Jeddah,Part-time,E005,Q7
30,12,PhD,Scientist,36078,Riyadh,Self-employed,E004,Q4
85,8,High School,Janitor,6327,Jeddah,Part-time,E003,Q2
43,59,Bachelor,Software Developer,24067,Dammam,Full-time,E001,Q1
18,0,High School,Clerk,3574,Dammam,Full-time,E009,Q8
29,4,PhD,Senior Researcher,0,Jeddah,Full-time,E014,Q3
36,6,Master,Researcher,39347,Jeddah,Full-time,E010,Q9
23,5,High School,Security Guard,4427,Riyadh,Full-time,E015,Q5
43,20,Master,Researcher,24486,Riyadh,Full-time,E005,Q8
45,15,High School,Security Guard,6127,Jeddah,Full-time,E002,Q9
41,1,High School,Clerk,6413,Dammam,Full-time,E002,Q9
29,10,Diploma,Technician,6169,Riyadh,Full-time,E010,Q9
51,19,PhD,Department Head,34535,Dammam,Full-time,E015,Q4
38,9,Master,Data Scientist,28036,Riyadh,Full-time,E007,Q10
44,10,Bachelor,Software Developer,8528,Riyadh,Self-employed,E011,Q4
52,28,Master,Data Scientist,43897,Riyadh,Unemployed,E015,Q10
21,3,Diploma,Receptionist,8001,Jeddah,Full-time,E015,Q1
50,19,Master,Consultant,21894,Riyadh,Part-time,E013,Q3
54,13,Master,Project Manager,17458,Jeddah,Full-time,E004,Q7
54,15,Master,Consultant,71351,Jeddah,Unemployed,E007,Q8
45,4,Master,Consultant,38919,Riyadh,Full-time,E002,Q5
36,5,PhD,Research Director,41785,Dammam,Full-time,E002,Q6
22,2,Diploma,Lab Technician,9602,Jeddah,Self-employed,E001,Q4
26,2,Diploma,Receptionist,8574,Riyadh,Full-time,E015,Q5
37,4,Master,Data Scientist,29047,Dammam,Part-time,E001,Q5
27,4,Master,Data Scientist,27241,Riyadh,Full-time,E004,Q10
21,14,Bachelor,HR Officer,15931,Dammam,Student,E013,Q2
37,13,Diploma,Nurse,8024,Riyadh,Self-employed,E010,Q10
23,0,Diploma,Technician,7403,Jeddah,Full-time,E008,Q7
53,67,Master,Consultant,30933,Jeddah,Full-time,E015,Q10
12,9,Diploma,Lab Technician,8435,Jeddah,Self-employed,E008,Q5
47,16,High School,Security Guard,6240,Riyadh,Part-time,E005,Q8
51,33,Bachelor,Teacher,0,Dammam,Full-time,E007,Q5
30,5,Bachelor,Designer,16134,Jeddah,Full-time,E001,Q8
32,1,Diploma,Receptionist,10089,Riyadh,Part-time,E011,Q1
24,2,Diploma,Technician,9983,Dammam,Full-time,E007,Q8
88,11,Diploma,Receptionist,9703,Jeddah,Full-time,E004,Q9
47,16,Bachelor,Analyst,15876,Jeddah,Full-time,E011,Q3
21,3,High School,Clerk,5538,Dammam,Self-employed,E004,Q2
24,2,High School,Driver,5711,Dammam,Part-time,E010,Q1
23,3,High School,Worker,6452,Riyadh,Full-time,E007,Q5
21,21,High School,Security Guard,6561,Riyadh,Student,E004,Q8
51,22,Master,Data Scientist,22282,Jeddah,Self-employed,E014,Q2
53,32,PhD,Senior Researcher,39090,Dammam,Full-time,E015,Q6
30,10,PhD,Department Head,45788,Jeddah,Full-time,E014,Q2
48,10,Diploma,Receptionist,5857,Dammam,Full-time,E013,Q3
21,1,High School,Driver,7803,Jeddah,Full-time,E002,Q7
30,7,Diploma,Technician,11147,Riyadh,Full-time,E006,Q4
29,5,Master,Researcher,16283,Dammam,Part-time,E011,Q10
32,12,PhD,Senior Researcher,42878,Dammam,Part-time,E015,Q8
25,7,Master,Senior Engineer,16214,Jeddah,Full-time,E014,Q1
37,11,Master,Project Manager,30963,Riyadh,Full-time,E011,Q8
24,0,High School,Waiter,6377,Dammam,Full-time,E007,Q7
47,4,PhD,Scientist,62143,Jeddah,Self-employed,E013,Q8
37,7,High School,Driver,4112,Riyadh,Full-time,E010,Q10
47,7,Diploma,Receptionist,54490,Dammam,Unemployed,E003,Q3
20,19,Master,Researcher,35786,Riyadh,Student,E008,Q2
47,60,High School,Cashier,3468,Jeddah,Self-employed,E011,Q1
48,18,High School,Worker,5889,Riyadh,Self-employed,E004,Q8
35,12,PhD,Department Head,31262,Jeddah,Full-time,E015,Q9
41,23,Diploma,Nurse,8280,Riyadh,Full-time,E007,Q1
40,5,PhD,Senior Researcher,55387,Riyadh,Full-time,E002,Q7
28,10,Master,Researcher,27281,Riyadh,Full-time,E007,Q5
30,2,Diploma,Nurse,10626,Riyadh,Self-employed,E015,Q8
49,9,PhD,Department Head,27875,Dammam,Full-time,E007,Q3
24,22,PhD,Professor,72049,Jeddah,Part-time,E015,Q10
32,14,Bachelor,Teacher,66186,Riyadh,Unemployed,E014,Q4
43,21,Diploma,Administrative Assistant,6079,Dammam,Full-time,E001,Q9
39,7,Bachelor,Accountant,14462,Riyadh,Part-time,E014,Q7
22,16,Master,Consultant,29685,Jeddah,Student,E012,Q5
46,18,PhD,Research Director,51269,Jeddah,Full-time,E006,Q8
41,12,Bachelor,Marketing Specialist,9785,Riyadh,Full-time,E012,Q5
32,11,Diploma,Administrative Assistant,66357,Jeddah,Unemployed,E007,Q2
29,1,Bachelor,Designer,13374,Riyadh,Part-time,E012,Q8
36,4,PhD,Professor,49605,Jeddah,Full-time,E007,Q10
34,2,PhD,Professor,55914,Riyadh,Part-time,E004,Q4
30,2,Bachelor,HR Officer,24889,Jeddah,Full-time,E009,Q5
30,5,High School,Worker,73363,Riyadh,Unemployed,E011,Q9
30,5,Diploma,Lab Technician,9471,Jeddah,Self-employed,E001,Q7
47,15,PhD,Senior Researcher,39998,Dammam,Part-time,E008,Q1
30,5,PhD,Department Head,52784,Dammam,Full-time,E001,Q2
50,29,PhD,Department Head,28064,Jeddah,Full-time,E012,Q10
49,21,Bachelor,Analyst,0,Jeddah,Full-time,E003,Q4
30,0,PhD,Scientist,46591,Jeddah,Full-time,E007,Q3
29,5,PhD,Professor,39754,Jeddah,Self-employed,E015,Q2
42,12,Diploma,Scientist,77126,Jeddah,Full-time,E010,Q6
40,8,Bachelor,Marketing Specialist,14381,Dammam,Full-time,E013,Q10
45,24,PhD,Research Director,34625,Jeddah,Full-time,E013,Q7
48,23,High School,Waiter,4264,Dammam,Full-time,E008,Q1
23,17,PhD,Professor,56458,Jeddah,Full-time,E008,Q1
49,0,Bachelor,Accountant,13667,Riyadh,Full-time,E003,Q8
30,5,Master,Senior Engineer,20313,Riyadh,Full-time,E001,Q8
30,5,Diploma,Nurse,7557,Jeddah,Full-time,E001,Q6
29,5,Diploma,Scientist,48494,Jeddah,Full-time,E013,Q9
31,5,Diploma,Surgeon,66419,Riyadh,Part-time,E007,Q7
55,37,PhD,Scientist,51939,Riyadh,Full-time,E014,Q9
35,8,High School,Worker,3242,Jeddah,Full-time,E004,Q1
40,17,PhD,Research Director,33885,Riyadh,Full-time,E001,Q10
36,8,Diploma,Lab Technician,0,Riyadh,Full-time,E001,Q9
30,3,High School,Janitor,6061,Jeddah,Full-time,E009,Q6
54,23,PhD,Research Director,62226,Jeddah,Full-time,E008,Q4
50,8,PhD,Senior Researcher,69831,Dammam,Full-time,E004,Q4
26,6,Bachelor,Designer,18487,Dammam,Full-time,E008,Q2
37,17,Diploma,Nurse,6169,Riyadh,Part-time,E013,Q8
55,18,PhD,Department Head,41084,Riyadh,Part-time,E010,Q5
43,13,PhD,Professor,42408,Dammam,Full-time,E014,Q8
41,7,High School,Driver,6845,Dammam,Self-employed,E006,Q2
52,20,Bachelor,Analyst,16699,Dammam,Self-employed,E007,Q6
39,9,Bachelor,Accountant,18176,Riyadh,Self-employed,E010,Q10
28,5,High School,Research Director,75264,Jeddah,Full-time,E002,Q5
44,13,High School,Waiter,3615,Jeddah,Full-time,E003,Q9
22,3,Diploma,Research Director,50553,Riyadh,Full-time,E013,Q4
20,1,Diploma,Nurse,8250,Riyadh,Full-time,E005,Q5
51,24,Master,Senior Engineer,25336,Riyadh,Full-time,E013,Q8
30,9,Master,Researcher,34184,Dammam,Full-time,E004,Q2
50,6,Bachelor,Marketing Specialist,11287,Jeddah,Self-employed,E009,Q2
48,14,Bachelor,Accountant,15855,Jeddah,Full-time,E005,Q10
44,25,Diploma,Administrative Assistant,57081,Dammam,Unemployed,E001,Q10
38,13,PhD,Research Director,53413,Dammam,Full-time,E002,Q6
16,12,PhD,Department Head,54081,Jeddah,Self-employed,E007,Q9
95,29,High School,Driver,3082,Dammam,Part-time,E005,Q2
47,3,Master,Financial Analyst,21984,Riyadh,Full-time,E006,Q3
35,5,Diploma,Surgeon,64939,Riyadh,Self-employed,E006,Q8
71,4,PhD,Department Head,68979,Dammam,Full-time,E010,Q6
47,20,PhD,Scientist,60568,Riyadh,Full-time,E004,Q1
31,2,PhD,Security Guard,3419,Dammam,Full-time,E013,Q8
22,1,High School,Clerk,0,Riyadh,Full-time,E002,Q4
24,3,PhD,Senior Researcher,75045,Jeddah,Part-time,E004,Q8
41,23,Master,Consultant,36699,Jeddah,Full-time,E009,Q6
36,4,Diploma,Lab Technician,6809,Jeddah,Full-time,E008,Q8
39,17,Master,Researcher,35544,Dammam,Full-time,E006,Q9
50,19,Diploma,Receptionist,6995,Riyadh,Full-time,E003,Q9
31,2,High School,Security Guard,7072,Jeddah,Full-time,E015,Q10
53,25,Master,Senior Engineer,16272,Riyadh,Full-time,E006,Q5
27,9,Bachelor,Software Developer,14308,Dammam,Full-time,E015,Q5
43,4,Diploma,Lab Technician,8753,Jeddah,Self-employed,E011,Q9
49,14,Diploma,Lab Technician,6455,Riyadh,Full-time,E001,Q1
30,5,PhD,Scientist,33452,Dammam,Full-time,E001,Q10
29,3,Bachelor,Software Developer,20536,Dammam,Full-time,E014,Q3
44,15,Bachelor,Teacher,9865,Dammam,Full-time,E015,Q4
38,7,PhD,Department Head,31341,Riyadh,Full-time,E010,Q5
32,7,PhD,Professor,89390,Riyadh,Unemployed,E014,Q9
45,24,Bachelor,Designer,18744,Riyadh,Full-time,E007,Q6
26,7,Diploma,Administrative Assistant,47220,Dammam,Unemployed,E007,Q6
34,12,Bachelor,Analyst,12824,Dammam,Full-time,E003,Q8
19,1,High School,Clerk,5923,Jeddah,Self-employed,E006,Q2
33,14,Master,Consultant,35888,Riyadh,Full-time,E004,Q6
24,4,Bachelor,Accountant,9721,Jeddah,Full-time,E006,Q4
56,20,PhD,Senior Researcher,47086,Riyadh,Full-time,E014,Q1
28,9,High School,Clerk,5054,Dammam,Full-time,E010,Q6
29,11,Diploma,Lab Technician,5215,Dammam,Part-time,E014,Q7
18,14,PhD,Scientist,39860,Jeddah,Student,E013,Q10
36,12,High School,Cashier,5684,Dammam,Full-time,E009,Q10
48,3,PhD,Senior Researcher,63644,Dammam,Part-time,E012,Q6
30,5,Master,Project Manager,39253,Dammam,Part-time,E001,Q4
56,3,PhD,Senior Researcher,37941,Jeddah,Self-employed,E014,Q10
48,10,High School,Waiter,5690,Riyadh,Full-time,E012,Q5
40,11,Bachelor,Designer,17853,Jeddah,Full-time,E012,Q6
41,20,High School,Professor,47968,Jeddah,Full-time,E011,Q10
47,25,Bachelor,Software Developer,10845,Riyadh,Part-time,E003,Q8
31,5,Diploma,Technician,7329,Jeddah,Full-time,E001,Q8
19,0,High School,Janitor,3495,Jeddah,Full-time,E011,Q6
40,16,Diploma,Technician,11934,Jeddah,Full-time,E003,Q9
45,16,Bachelor,Software Developer,8042,Jeddah,Part-time,E001,Q6
58,33,PhD,Scientist,41871,Dammam,Full-time,E004,Q4
51,16,Bachelor,Accountant,10015,Riyadh,Full-time,E005,Q3
58,12,PhD,Professor,44288,Jeddah,Full-time,E008,Q2
48,17,Bachelor,Accountant,10203,Jeddah,Full-time,E012,Q8
33,15,Bachelor,Analyst,0,Riyadh,Full-time,E006,Q10
44,11,Diploma,Nurse,10787,Jeddah,Self-employed,E015,Q5
40,6,Master,Financial Analyst,37086,Riyadh,Full-time,E008,Q9
31,0,Master,Researcher,25319,Riyadh,Full-time,E015,Q6
50,4,Diploma,Receptionist,52974,Jeddah,Unemployed,E013,Q6
21,10,PhD,Professor,78011,Dammam,Full-time,E005,Q6
71,17,Master,Project Manager,29564,Riyadh,Part-time,E002,Q8
24,10,PhD,Senior Researcher,56465,Jeddah,Self-employed,E005,Q8
48,18,Diploma,Technician,10201,Riyadh,Part-time,E012,Q2
26,1,Master,Financial Analyst,23520,Jeddah,Full-time,E011,Q4
46,17,High School,Clerk,7167,Dammam,Full-time,E004,Q1
49,24,PhD,Department Head,26310,Dammam,Full-time,E012,Q1
25,7,High School,Cashier,6116,Dammam,Full-time,E001,Q1
24,4,Bachelor,Software Developer,10751,Jeddah,Full-time,E001,Q2
33,11,Bachelor,Teacher,16783,Riyadh,Full-time,E002,Q3
25,6,Bachelor,Designer,8522,Jeddah,Full-time,E009,Q4
53,19,PhD,Department Head,39410,Jeddah,Full-time,E009,Q9
48,27,Bachelor,Accountant,23144,Dammam,Full-time,E002,Q4
29,9,High School,Scientist,72963,Jeddah,Part-time,E011,Q8
32,2,Diploma,Nurse,8403,Jeddah,Part-time,E004,Q3
29,6,High School,Driver,5552,Riyadh,Part-time,E006,Q9
20,20,High School,Clerk,6924,Jeddah,Student,E010,Q9
46,1,High School,Janitor,6220,Jeddah,Full-time,E005,Q7
21,12,PhD,Senior Researcher,75220,Jeddah,Self-employed,E004,Q10
30,5,Bachelor,Accountant,10451,Riyadh,Full-time,E001,Q6
30,3,Master,Financial Analyst,36798,Dammam,Full-time,E010,Q9
20,2,Diploma,Administrative Assistant,9213,Riyadh,Full-time,E013,Q4
35,8,Bachelor,Software Developer,11781,Riyadh,Full-time,E008,Q2
53,22,Master,Project Manager,25948,Jeddah,Full-time,E011,Q10
19,6,PhD,Senior Researcher,57713,Jeddah,Full-time,E008,Q8
38,1,Master,Financial Analyst,25642,Dammam,Part-time,E007,Q7
28,0,PhD,Professor,64724,Dammam,Full-time,E005,Q1
26,1,High School,Waiter,5758,Riyadh,Full-time,E010,Q3
41,16,PhD,Senior Researcher,52712,Dammam,Full-time,E002,Q10
26,6,Diploma,Receptionist,0,Jeddah,Full-time,E007,Q7
34,4,Diploma,Technician,11841,Dammam,Part-time,E008,Q1
50,7,Master,Senior Engineer,33629,Riyadh,Full-time,E002,Q2
34,2,High School,Clerk,5893,Jeddah,Full-time,E012,Q4
54,5,PhD,Scientist,54975,Jeddah,Full-time,E010,Q4
44,8,Diploma,Nurse,8290,Jeddah,Full-time,E007,Q6
21,19,Diploma,Lab Technician,5258,Dammam,Student,E009,Q2
32,1,Bachelor,Analyst,0,Dammam,Self-employed,E009,Q6
36,14,Bachelor,HR Officer,11755,Dammam,Full-time,E011,Q9
30,3,Bachelor,HR Officer,22807,Riyadh,Full-time,E001,Q7
44,16,Master,Data Scientist,33348,Dammam,Full-time,E012,Q7
30,5,High School,Cashier,6292,Riyadh,Full-time,E001,Q5
23,0,High School,Scientist,61947,Riyadh,Self-employed,E009,Q10
19,9,PhD,Professor,75762,Jeddah,Part-time,E011,Q7
49,2,Diploma,Lab Technician,9793,Riyadh,Full-time,E010,Q9
44,7,PhD,Scientist,29742,Jeddah,Self-employed,E012,Q6
30,0,Diploma,Receptionist,9274,Dammam,Full-time,E013,Q2
22,0,Bachelor,Designer,17721,Jeddah,Full-time,E002,Q7
44,19,High School,Janitor,64335,Dammam,Unemployed,E004,Q3
15,19,Diploma,Lab Technician,6766,Dammam,Full-time,E013,Q6
19,21,PhD,Senior Researcher,63276,Jeddah,Self-employed,E001,Q8
48,14,Bachelor,Analyst,24994,Dammam,Full-time,E012,Q4
36,17,PhD,Scientist,45424,Dammam,Self-employed,E007,Q9
41,13,PhD,Department Head,41732,Dammam,Full-time,E013,Q3
38,6,High School,Security Guard,6152,Riyadh,Full-time,E003,Q2
50,12,Bachelor,Software Developer,22197,Riyadh,Full-time,E012,Q10
14,15,Bachelor,HR Officer,21734,Jeddah,Full-time,E015,Q10
39,7,Diploma,Receptionist,0,Riyadh,Self-employed,E003,Q2
48,7,High School,Worker,6007,Riyadh,Full-time,E001,Q3
31,7,Bachelor,Teacher,17631,Jeddah,Self-employed,E012,Q6
30,3,Diploma,Administrative Assistant,10194,Dammam,Full-time,E009,Q3
52,29,Bachelor,Software Developer,22966,Dammam,Full-time,E009,Q7
38,10,Bachelor,HR Officer,19986,Riyadh,Self-employed,E002,Q7
44,8,High School,Waiter,4979,Dammam,Self-employed,E003,Q6
31,5,Bachelor,HR Officer,16204,Dammam,Full-time,E001,Q10
25,5,Diploma,Administrative Assistant,11614,Riyadh,Full-time,E013,Q7
57,15,PhD,Senior Researcher,32690,Jeddah,Full-time,E002,Q6
42,18,Bachelor,Marketing Specialist,24322,Riyadh,Full-time,E002,Q1
20,16,Master,Senior Engineer,25995,Dammam,Student,E015,Q5
40,3,High School,Janitor,6128,Riyadh,Full-time,E002,Q4
24,5,Bachelor,Marketing Specialist,83147,Jeddah,Unemployed,E008,Q7
24,6,Diploma,Technician,6585,Riyadh,Full-time,E010,Q8
44,21,Bachelor,Software Developer,15067,Jeddah,Self-employed,E012,Q6
24,2,PhD,Professor,61007,Riyadh,Full-time,E005,Q9
21,1,PhD,Cashier,5498,Jeddah,Full-time,E013,Q10
56,32,PhD,Research Director,41730,Jeddah,Full-time,E006,Q5
28,0,Bachelor,Analyst,18936,Jeddah,Full-time,E009,Q9
33,12,Master,Senior Engineer,0,Riyadh,Full-time,E005,Q1
30,5,Bachelor,Software Developer,10504,Jeddah,Self-employed,E001,Q9
37,18,Diploma,Lab Technician,7052,Jeddah,Full-time,E006,Q10
48,28,Master,Researcher,26855,Dammam,Full-time,E013,Q4
45,20,Master,Financial Analyst,33351,Riyadh,Full-time,E014,Q8
40,12,Master,Financial Analyst,37191,Jeddah,Self-employed,E007,Q4
17,8,Diploma,Receptionist,6148,Jeddah,Full-time,E005,Q8
46,7,PhD,Department Head,67903,Jeddah,Full-time,E009,Q7
34,0,Diploma,Lab Technician,7468,Dammam,Full-time,E011,Q5
46,56,Bachelor,Designer,21181,Dammam,Self-employed,E011,Q7
46,1,Master,Financial Analyst,35109,Dammam,Full-time,E001,Q7
23,1,Bachelor,Marketing Specialist,55591,Jeddah,Unemployed,E009,Q10
45,6,Bachelor,Analyst,11717,Dammam,Full-time,E011,Q6
30,6,Bachelor,Teacher,11107,Riyadh,Full-time,E005,Q5
34,15,Bachelor,Designer,20141,Dammam,Full-time,E008,Q8
14,19,PhD,Professor,68764,Riyadh,Self-employed,E010,Q9
45,15,PhD,Senior Researcher,30831,Jeddah,Self-employed,E012,Q8
36,5,Bachelor,Marketing Specialist,16593,Jeddah,Part-time,E013,Q4
32,43,Master,Researcher,37305,Jeddah,Full-time,E012,Q8
30,7,High School,Surgeon,52553,Jeddah,Full-time,E015,Q7
43,25,Master,Project Manager,27625,Jeddah,Full-time,E012,Q10
26,5,Master,Project Manager,20405,Riyadh,Full-time,E015,Q10
30,5,PhD,Professor,39591,Riyadh,Full-time,E001,Q4
30,5,Master,Project Manager,23844,Riyadh,Part-time,E001,Q9
23,2,High School,Waiter,7857,Jeddah,Full-time,E002,Q5
51,26,PhD,Professor,53487,Riyadh,Full-time,E008,Q10
48,14,Diploma,Technician,5418,Dammam,Full-time,E007,Q4
22,2,Bachelor,Teacher,22433,Dammam,Self-employed,E005,Q5
14,24,Master,Financial Analyst,23637,Jeddah,Full-time,E008,Q3
58,18,PhD,Waiter,6203,Dammam,Full-time,E009,Q1
39,18,High School,Surgeon,41363,Jeddah,Self-employed,E002,Q2
32,7,Master,Data Scientist,25829,Jeddah,Full-time,E001,Q10
76,17,PhD,Scientist,48083,Jeddah,Full-time,E007,Q5
32,51,High School,Security Guard,7616,Dammam,Full-time,E004,Q2
29,3,PhD,Security Guard,3209,Jeddah,Full-time,E003,Q7
21,16,Bachelor,Software Developer,9274,Dammam,Student,E014,Q1
35,10,Master,Financial Analyst,17900,Dammam,Full-time,E012,Q7
23,3,Bachelor,Accountant,24352,Dammam,Full-time,E007,Q3
43,4,Diploma,Nurse,5245,Jeddah,Part-time,E012,Q2
30,5,Bachelor,Marketing Specialist,21653,Riyadh,Self-employed,E001,Q10
36,15,PhD,Senior Researcher,56875,Dammam,Full-time,E015,Q7
27,3,PhD,Janitor,4845,Riyadh,Part-time,E013,Q6
30,5,Diploma,Lab Technician,11267,Jeddah,Full-time,E001,Q4
26,0,Bachelor,HR Officer,9175,Riyadh,Part-time,E006,Q8
30,5,Master,Consultant,19648,Jeddah,Self-employed,E001,Q1
28,3,High School,Janitor,4467,Jeddah,Full-time,E014,Q1
45,25,Diploma,Lab Technician,9829,Dammam,Full-time,E015,Q9
49,9,Master,Data Scientist,30711,Jeddah,Full-time,E002,Q6
58,2,PhD,Senior Researcher,37275,Dammam,Full-time,E007,Q5
37,19,High School,Janitor,7194,Dammam,Part-time,E008,Q1
56,3,PhD,Research Director,45496,Dammam,Full-time,E007,Q8
23,4,High School,Clerk,4613,Dammam,Self-employed,E010,Q5
33,5,Bachelor,HR Officer,21111,Jeddah,Full-time,E010,Q5
51,7,Master,Project Manager,28406,Riyadh,Full-time,E006,Q1
46,17,Bachelor,Designer,19448,Dammam,Full-time,E009,Q9
35,11,High School,Clerk,3036,Dammam,Full-time,E014,Q9
25,7,Diploma,Lab Technician,9480,Dammam,Full-time,E010,Q8
20,0,High School,Surgeon,73869,Jeddah,Full-time,E001,Q8
26,3,High School,Surgeon,42424,Riyadh,Full-time,E008,Q8
42,20,Master,Consultant,20889,Dammam,Full-time,E012,Q8
42,17,Diploma,Receptionist,7027,Jeddah,Full-time,E003,Q1
44,24,Bachelor,Teacher,16436,Riyadh,Full-time,E009,Q1
26,5,High School,Worker,4003,Riyadh,Part-time,E009,Q6
33,1,PhD,Research Director,57482,Jeddah,Full-time,E010,Q6
44,1,Bachelor,Software Developer,0,Jeddah,Full-time,E001,Q2
30,8,Diploma,Receptionist,7150,Jeddah,Self-employed,E014,Q1
95,0,High School,Security Guard,7291,Jeddah,Full-time,E015,Q1
31,0,PhD,Department Head,62655,Jeddah,Full-time,E006,Q9
16,10,Master,Data Scientist,37930,Jeddah,Part-time,E007,Q10
31,2,High School,Clerk,56367,Dammam,Unemployed,E003,Q3
13,6,High School,Clerk,5059,Riyadh,Full-time,E006,Q6
29,8,Diploma,Lab Technician,11337,Riyadh,Full-time,E015,Q3
53,2,PhD,Scientist,39592,Jeddah,Full-time,E012,Q8
38,4,PhD,Cashier,5052,Riyadh,Full-time,E003,Q5
22,3,Diploma,Lab Technician,5852,Dammam,Part-time,E009,Q3
22,2,Bachelor,Marketing Specialist,0,Riyadh,Full-time,E007,Q10
46,16,Diploma,Administrative Assistant,6689,Riyadh,Full-time,E003,Q8
40,6,PhD,Department Head,27959,Jeddah,Full-time,E002,Q1
44,63,High School,Worker,5520,Dammam,Full-time,E014,Q7
48,6,PhD,Waiter,4508,Jeddah,Full-time,E003,Q6
33,7,Bachelor,Marketing Specialist,0,Jeddah,Full-time,E010,Q9
25,36,High School,Cashier,6948,Jeddah,Self-employed,E001,Q4
56,36,PhD,Department Head,26979,Dammam,Full-time,E006,Q1
13,13,Master,Researcher,36657,Riyadh,Full-time,E012,Q3
30,9,High School,Security Guard,0,Dammam,Full-time,E007,Q1
47,15,PhD,Janitor,3393,Jeddah,Self-employed,E007,Q7
25,5,Bachelor,Software Developer,75018,Riyadh,Unemployed,E001,Q1
22,0,Diploma,Nurse,7648,Riyadh,Full-time,E005,Q6
50,30,PhD,Janitor,4984,Riyadh,Part-time,E001,Q3
53,12,PhD,Senior Researcher,61041,Dammam,Part-time,E001,Q10
44,13,Bachelor,Marketing Specialist,0,Riyadh,Part-time,E004,Q4
32,5,High School,Professor,56633,Riyadh,Full-time,E003,Q4
43,11,PhD,Department Head,48159,Jeddah,Full-time,E011,Q8
49,19,PhD,Janitor,3879,Jeddah,Full-time,E001,Q4
37,8,Bachelor,Marketing Specialist,12829,Dammam,Full-time,E001,Q8
22,4,Bachelor,Accountant,14077,Riyadh,Self-employed,E004,Q10
32,13,PhD,Research Director,56305,Dammam,Full-time,E009,Q2
42,16,Diploma,Technician,8446,Dammam,Full-time,E013,Q7
22,1,High School,Worker,7431,Jeddah,Self-employed,E010,Q8
30,5,Master,Senior Engineer,17169,Dammam,Full-time,E001,Q4
46,0,High School,Clerk,4645,Jeddah,Full-time,E012,Q2
32,11,PhD,Department Head,49107,Jeddah,Self-employed,E007,Q7
50,19,High School,Scientist,42768,Dammam,Part-time,E010,Q3
52,23,PhD,Department Head,0,Jeddah,Part-time,E003,Q9
39,4,Bachelor,Accountant,11524,Jeddah,Part-time,E010,Q1
14,2,Bachelor,HR Officer,11555,Jeddah,Full-time,E004,Q3
39,10,Bachelor,Marketing Specialist,0,Dammam,Full-time,E012,Q1
41,14,PhD,Professor,47956,Riyadh,Full-time,E003,Q5
26,8,High School,Security Guard,7570,Jeddah,Self-employed,E003,Q2
47,13,PhD,Professor,43536,Jeddah,Full-time,E014,Q8
30,5,Bachelor,Marketing Specialist,19433,Dammam,Full-time,E001,Q6
52,5,PhD,Research Director,40061,Jeddah,Full-time,E013,Q6
21,18,Diploma,Receptionist,8792,Riyadh,Student,E012,Q3
39,9,Bachelor,Teacher,12887,Riyadh,Full-time,E005,Q2
37,6,High School,Cashier,4282,Dammam,Full-time,E007,Q4
52,11,Master,Data Scientist,24791,Riyadh,Full-time,E006,Q10
28,8,PhD,Professor,33536,Dammam,Full-time,E015,Q4
53,16,Master,Researcher,19412,Dammam,Part-time,E006,Q10
34,0,Diploma,Technician,9186,Dammam,Part-time,E002,Q7
48,26,High School,Worker,35286,Jeddah,Unemployed,E009,Q5
57,76,PhD,Professor,40205,Dammam,Part-time,E005,Q8
45,3,PhD,Senior Researcher,55221,Riyadh,Self-employed,E006,Q4
31,7,Diploma,Technician,11999,Riyadh,Part-time,E012,Q10
40,6,Master,Senior Engineer,17808,Dammam,Full-time,E008,Q2
44,16,High School,Scientist,58394,Riyadh,Full-time,E003,Q8
58,27,PhD,Professor,52554,Riyadh,Full-time,E015,Q4
31,13,PhD,Department Head,53828,Jeddah,Unemployed,E001,Q9
37,2,Bachelor,HR Officer,14243,Jeddah,Part-time,E009,Q2
30,11,High School,Waiter,4878,Dammam,Self-employed,E008,Q5
32,7,High School,Waiter,7788,Riyadh,Full-time,E006,Q7
20,1,Diploma,Lab Technician,9377,Dammam,Full-time,E015,Q8
41,18,Diploma,Nurse,11584,Dammam,Full-time,E003,Q4
23,5,High School,Cashier,5565,Dammam,Full-time,E002,Q9
13,6,Bachelor,Marketing Specialist,10380,Riyadh,Full-time,E008,Q5
33,11,High School,Clerk,7995,Riyadh,Self-employed,E012,Q1
27,6,Diploma,Lab Technician,6473,Dammam,Full-time,E008,Q1
29,0,Master,Researcher,25702,Jeddah,Full-time,E009,Q2
28,6,Master,Consultant,23430,Riyadh,Full-time,E003,Q5
95,7,Master,Data Scientist,35698,Dammam,Full-time,E007,Q3
18,17,Bachelor,HR Officer,22087,Jeddah,Student,E006,Q1
48,25,High School,Clerk,6093,Jeddah,Full-time,E009,Q2
53,6,Diploma,Surgeon,71228,Riyadh,Full-time,E003,Q5
22,1,High School,Driver,7224,Dammam,Full-time,E009,Q5
46,17,Bachelor,Teacher,20170,Riyadh,Part-time,E006,Q2
32,0,Master,Data Scientist,37226,Dammam,Full-time,E008,Q6
51,14,Bachelor,Marketing Specialist,69293,Dammam,Unemployed,E001,Q3
50,31,PhD,Senior Researcher,64919,Dammam,Self-employed,E008,Q1
29,7,High School,Security Guard,4269,Dammam,Self-employed,E005,Q4
22,1,Bachelor,Accountant,8386,Dammam,Full-time,E015,Q8
25,3,Diploma,Nurse,9403,Jeddah,Full-time,E007,Q7
30,9,Master,Researcher,32370,Riyadh,Full-time,E006,Q4
52,13,Master,Consultant,30418,Dammam,Full-time,E001,Q1
42,6,Diploma,Scientist,41282,Jeddah,Full-time,E008,Q5
48,19,PhD,Senior Researcher,31859,Dammam,Full-time,E009,Q7
34,5,Bachelor,Marketing Specialist,17427,Riyadh,Full-time,E008,Q3
46,28,PhD,Department Head,39921,Jeddah,Full-time,E009,Q4
43,14,Bachelor,Software Developer,10752,Jeddah,Full-time,E012,Q8
72,18,Diploma,Nurse,6664,Jeddah,Full-time,E004,Q5
49,0,Master,Data Scientist,37708,Riyadh,Unemployed,E008,Q10
50,25,PhD,Janitor,4992,Jeddah,Full-time,E015,Q10
41,23,High School,Worker,6984,Dammam,Self-employed,E013,Q5
33,7,Bachelor,Analyst,24384,Dammam,Full-time,E010,Q9
39,50,High School,Security Guard,6659,Dammam,Full-time,E004,Q4
20,8,PhD,Professor,54859,Riyadh,Full-time,E015,Q6
43,14,Diploma,Nurse,11579,Dammam,Full-time,E011,Q2
41,4,Bachelor,Designer,14053,Jeddah,Full-time,E005,Q6
18,25,PhD,Scientist,45173,Dammam,Student,E015,Q10
34,1,Diploma,Lab Technician,8880,Riyadh,Self-employed,E001,Q8
52,24,PhD,Research Director,34371,Riyadh,Part-time,E013,Q4
46,27,Diploma,Surgeon,79753,Jeddah,Full-time,E005,Q5
20,3,PhD,Senior Researcher,56160,Riyadh,Part-time,E007,Q1
49,7,PhD,Department Head,26030,Dammam,Self-employed,E004,Q3
32,1,Master,Project Manager,29425,Dammam,Full-time,E014,Q6
33,1,Diploma,Administrative Assistant,6745,Riyadh,Full-time,E008,Q7
24,4,High School,Driver,4465,Dammam,Full-time,E003,Q4
50,2,Master,Researcher,19240,Riyadh,Full-time,E001,Q3
38,15,Diploma,Receptionist,11601,Jeddah,Full-time,E008,Q5
28,4,Diploma,Professor,65933,Jeddah,Full-time,E015,Q9
43,13,Diploma,Receptionist,9925,Jeddah,Part-time,E004,Q3
24,2,Bachelor,HR Officer,15197,Jeddah,Part-time,E005,Q6
40,20,High School,Worker,0,Jeddah,Full-time,E009,Q8
48,16,Master,Researcher,23438,Dammam,Part-time,E001,Q5
49,0,PhD,Research Director,59729,Jeddah,Full-time,E014,Q7
18,0,High School,Cashier,5115,Riyadh,Full-time,E009,Q8
32,1,Master,Financial Analyst,20915,Jeddah,Full-time,E001,Q1
48,14,Diploma,Lab Technician,5110,Dammam,Part-time,E012,Q2
22,18,High School,Security Guard,6556,Dammam,Student,E005,Q6
23,2,Bachelor,Designer,14459,Dammam,Full-time,E014,Q8
45,19,Bachelor,Accountant,18253,Dammam,Full-time,E005,Q7
43,13,High School,Security Guard,6375,Dammam,Full-time,E007,Q9
50,22,Bachelor,Marketing Specialist,23006,Dammam,Full-time,E013,Q7
48,18,Master,Consultant,32602,Riyadh,Full-time,E006,Q6
41,22,High School,Driver,81010,Jeddah,Unemployed,E015,Q1
30,7,PhD,Security Guard,4071,Riyadh,Full-time,E013,Q10
44,21,PhD,Scientist,41678,Jeddah,Full-time,E004,Q3
49,1,Diploma,Receptionist,8295,Dammam,Full-time,E011,Q3
40,18,Diploma,Technician,6368,Jeddah,Full-time,E014,Q1
35,1,Master,Researcher,22262,Jeddah,Full-time,E006,Q4
25,6,Master,Researcher,35470,Dammam,Part-time,E002,Q7
43,4,PhD,Professor,49311,Riyadh,Full-time,E010,Q4
45,13,Bachelor,Teacher,17393,Jeddah,Full-time,E007,Q3
31,13,Bachelor,Software Developer,21231,Jeddah,Self-employed,E006,Q2
34,15,High School,Waiter,4644,Jeddah,Part-time,E012,Q4
47,19,Master,Consultant,31469,Jeddah,Full-time,E009,Q2
54,25,Master,Data Scientist,39493,Riyadh,Full-time,E008,Q5
34,0,PhD,Scientist,0,Jeddah,Self-employed,E004,Q3
26,2,High School,Security Guard,60705,Jeddah,Unemployed,E005,Q4
26,4,Master,Data Scientist,35151,Dammam,Full-time,E014,Q6
32,8,Bachelor,Software Developer,21769,Jeddah,Full-time,E015,Q5
28,8,PhD,Scientist,67176,Riyadh,Full-time,E014,Q6
47,12,PhD,Scientist,26701,Riyadh,Full-time,E011,Q8
19,11,Diploma,Lab Technician,9843,Riyadh,Student,E014,Q7
36,3,Master,Researcher,29932,Jeddah,Full-time,E012,Q3
35,8,PhD,Scientist,39015,Dammam,Full-time,E011,Q7
27,5,Bachelor,Marketing Specialist,23488,Dammam,Full-time,E003,Q4
24,1,PhD,Senior Researcher,71128,Riyadh,Full-time,E004,Q6
47,6,Diploma,Receptionist,5709,Riyadh,Full-time,E006,Q8
35,4,Diploma,Administrative Assistant,10434,Jeddah,Full-time,E001,Q1
31,2,Diploma,Lab Technician,9471,Dammam,Full-time,E015,Q8
22,2,Diploma,Technician,7911,Riyadh,Self-employed,E003,Q5
24,6,High School,Janitor,5760,Jeddah,Full-time,E010,Q2
36,5,Bachelor,Software Developer,16029,Jeddah,Full-time,E012,Q7
48,28,High School,Cashier,7242,Jeddah,Self-employed,E007,Q5
35,2,PhD,Scientist,56352,Jeddah,Full-time,E004,Q7
19,0,High School,Security Guard,5462,Jeddah,Full-time,E004,Q5
41,14,Diploma,Lab Technician,10922,Jeddah,Full-time,E008,Q5
30,5,High School,Janitor,4508,Riyadh,Full-time,E001,Q6
34,11,PhD,Department Head,59601,Jeddah,Full-time,E009,Q10
43,22,Diploma,Administrative Assistant,6147,Riyadh,Full-time,E001,Q6
28,4,PhD,Professor,29802,Riyadh,Full-time,E005,Q4
47,15,High School,Cashier,3769,Riyadh,Part-time,E001,Q4
32,5,PhD,Janitor,3172,Dammam,Part-time,E010,Q4
20,0,PhD,Professor,79215,Jeddah,Part-time,E001,Q1
47,5,Bachelor,Teacher,66066,Jeddah,Unemployed,E009,Q3
18,0,High School,Worker,4705,Jeddah,Full-time,E010,Q5
50,28,Diploma,Administrative Assistant,72264,Dammam,Unemployed,E010,Q4
25,34,Master,Senior Engineer,15364,Dammam,Full-time,E006,Q7
37,12,Bachelor,Teacher,17027,Riyadh,Full-time,E006,Q9
34,16,PhD,Department Head,66375,Dammam,Full-time,E010,Q7
22,0,Bachelor,Analyst,10561,Dammam,Full-time,E003,Q2
47,5,High School,Janitor,3308,Jeddah,Full-time,E003,Q7
22,21,High School,Janitor,7636,Dammam,Student,E001,Q1
37,1,Master,Researcher,35747,Riyadh,Full-time,E012,Q4
41,7,PhD,Senior Researcher,39482,Riyadh,Full-time,E003,Q4
43,2,PhD,Senior Researcher,51529,Jeddah,Full-time,E015,Q8
34,15,PhD,Cashier,6817,Jeddah,Self-employed,E012,Q6
36,2,PhD,Scientist,69913,Riyadh,Unemployed,E004,Q8
54,5,Master,Consultant,29739,Dammam,Full-time,E014,Q10
37,0,High School,Worker,5895,Jeddah,Self-employed,E012,Q8
40,18,Bachelor,Software Developer,14519,Riyadh,Part-time,E013,Q4
43,11,High School,Security Guard,4204,Riyadh,Part-time,E011,Q8
41,0,Diploma,Administrative Assistant,5338,Jeddah,Self-employed,E014,Q6
40,4,PhD,Research Director,29907,Riyadh,Full-time,E013,Q3
49,30,Diploma,Receptionist,9665,Dammam,Full-time,E014,Q7
46,6,Bachelor,Analyst,21283,Dammam,Part-time,E004,Q1
21,1,High School,Clerk,6135,Dammam,Full-time,E003,Q10
49,7,Master,Senior Engineer,15889,Jeddah,Full-time,E006,Q3
28,10,Bachelor,Teacher,14172,Dammam,Full-time,E011,Q5
21,1,Diploma,Research Director,52827,Jeddah,Full-time,E005,Q7
23,3,High School,Security Guard,4387,Riyadh,Part-time,E011,Q7
49,27,Bachelor,Software Developer,14845,Riyadh,Full-time,E004,Q7
51,57,PhD,Research Director,33091,Jeddah,Part-time,E015,Q10
26,7,Diploma,Administrative Assistant,9673,Dammam,Full-time,E003,Q1
13,19,Bachelor,Software Developer,9253,Riyadh,Full-time,E003,Q6
40,20,Diploma,Lab Technician,7632,Dammam,Full-time,E001,Q2
33,9,Bachelor,HR Officer,9773,Jeddah,Full-time,E015,Q10
44,21,PhD,Professor,40896,Jeddah,Part-time,E015,Q5
53,20,PhD,Professor,84057,Jeddah,Unemployed,E006,Q8
49,1,Diploma,Research Director,68435,Dammam,Full-time,E001,Q4
42,6,Diploma,Administrative Assistant,11928,Dammam,Full-time,E008,Q9
51,8,PhD,Research Director,67698,Riyadh,Full-time,E001,Q5
42,20,Bachelor,HR Officer,19163,Jeddah,Full-time,E004,Q3
43,9,Master,Senior Engineer,20409,Riyadh,Full-time,E001,Q2
44,24,PhD,Janitor,3896,Jeddah,Part-time,E003,Q2
54,30,PhD,Department Head,37053,Jeddah,Self-employed,E002,Q5
28,2,Bachelor,Software Developer,21436,Riyadh,Part-time,E002,Q7
38,9,High School,Cashier,3482,Dammam,Full-time,E003,Q4
49,26,Master,Senior Engineer,30473,Jeddah,Self-employed,E014,Q10
45,2,Master,Financial Analyst,35152,Riyadh,Full-time,E012,Q2
15,20,PhD,Scientist,40313,Jeddah,Full-time,E007,Q9
41,23,High School,Professor,61702,Dammam,Self-employed,E010,Q5
47,12,Diploma,Administrative Assistant,5489,Jeddah,Full-time,E005,Q8
46,9,Master,Project Manager,20500,Dammam,Part-time,E004,Q9
44,18,Diploma,Technician,7330,Jeddah,Full-time,E002,Q4
45,6,High School,Surgeon,56917,Riyadh,Self-employed,E007,Q3
20,21,Master,Data Scientist,24963,Riyadh,Student,E002,Q7
24,20,PhD,Professor,74140,Riyadh,Part-time,E006,Q4
44,51,PhD,Scientist,35853,Dammam,Full-time,E006,Q9
42,14,Diploma,Receptionist,5774,Dammam,Full-time,E009,Q6
71,13,PhD,Professor,43782,Dammam,Self-employed,E006,Q1
47,29,Bachelor,Analyst,8804,Riyadh,Full-time,E014,Q10
49,10,PhD,Scientist,0,Dammam,Full-time,E004,Q7
45,1,High School,Waiter,5050,Dammam,Self-employed,E010,Q10
44,24,Diploma,Receptionist,9195,Jeddah,Full-time,E002,Q10
48,12,Master,Project Manager,18690,Riyadh,Part-time,E001,Q8
27,4,Diploma,Receptionist,10121,Dammam,Full-time,E004,Q5
42,13,High School,Worker,3871,Dammam,Part-time,E010,Q9
36,0,High School,Janitor,3558,Jeddah,Part-time,E012,Q10
39,3,High School,Security Guard,6338,Riyadh,Self-employed,E015,Q2
51,14,Master,Consultant,31928,Riyadh,Self-employed,E013,Q2
51,26,PhD,Cashier,5925,Dammam,Self-employed,E005,Q9
43,5,High School,Worker,43935,Riyadh,Unemployed,E003,Q1
83,11,Master,Data Scientist,30560,Jeddah,Full-time,E004,Q5
39,7,Master,Financial Analyst,26219,Dammam,Full-time,E015,Q5
53,33,PhD,Department Head,52744,Dammam,Self-employed,E007,Q9
37,18,Diploma,Nurse,7985,Jeddah,Full-time,E013,Q2
45,18,Bachelor,Software Developer,17443,Riyadh,Full-time,E004,Q8
50,11,Diploma,Nurse,8172,Dammam,Full-time,E009,Q2
40,21,PhD,Senior Researcher,51986,Dammam,Full-time,E002,Q5
52,28,PhD,Scientist,36441,Dammam,Full-time,E002,Q4
19,25,Diploma,Nurse,9850,Jeddah,Student,E013,Q10
44,23,Diploma,Surgeon,54865,Riyadh,Part-time,E009,Q6
23,1,High School,Driver,7439,Riyadh,Part-time,E014,Q3
39,0,PhD,Professor,48985,Riyadh,Full-time,E007,Q1
25,6,Diploma,Surgeon,47601,Dammam,Part-time,E013,Q8
50,19,PhD,Research Director,56168,Dammam,Full-time,E005,Q4
19,18,High School,Janitor,5097,Dammam,Student,E011,Q3
18,16,PhD,Research Director,26302,Riyadh,Student,E013,Q4
42,3,Master,Financial Analyst,15760,Jeddah,Full-time,E004,Q5
22,4,Bachelor,Designer,11488,Jeddah,Full-time,E015,Q8
19,15,Bachelor,Accountant,12329,Jeddah,Student,E010,Q9
40,22,High School,Security Guard,4223,Jeddah,Full-time,E013,Q7
45,3,Bachelor,Marketing Specialist,11802,Dammam,Full-time,E002,Q1
24,3,Bachelor,Analyst,16889,Dammam,Self-employed,E008,Q2
44,6,Diploma,Administrative Assistant,10262,Riyadh,Part-time,E004,Q9
50,10,Master,Senior Engineer,38540,Jeddah,Full-time,E009,Q4
29,5,Master,Financial Analyst,15752,Jeddah,Full-time,E006,Q1
22,1,PhD,Senior Researcher,50760,Jeddah,Full-time,E002,Q4
37,4,Bachelor,Analyst,15313,Dammam,Full-time,E003,Q4
30,1,High School,Clerk,4124,Riyadh,Full-time,E004,Q4
55,13,Master,Project Manager,17619,Dammam,Self-employed,E001,Q8
75,9,Bachelor,Software Developer,16370,Riyadh,Full-time,E014,Q10
46,10,Diploma,Technician,9437,Jeddah,Full-time,E009,Q2
54,29,Master,Project Manager,37416,Dammam,Full-time,E006,Q2
20,14,PhD,Senior Researcher,60374,Dammam,Part-time,E015,Q9
30,5,Bachelor,Software Developer,17396,Jeddah,Full-time,E008,Q7
26,6,Diploma,Receptionist,11470,Jeddah,Full-time,E002,Q1
19,18,Master,Financial Analyst,34291,Jeddah,Student,E014,Q10
30,5,PhD,Department Head,26625,Dammam,Self-employed,E001,Q1
21,1,Diploma,Administrative Assistant,11211,Jeddah,Full-time,E013,Q4
44,11,High School,Security Guard,7066,Dammam,Part-time,E013,Q1
24,2,PhD,Senior Researcher,60778,Riyadh,Full-time,E004,Q7
22,4,PhD,Cashier,5500,Jeddah,Full-time,E003,Q9
35,54,Master,Researcher,37615,Dammam,Part-time,E006,Q1
29,8,Diploma,Nurse,6447,Jeddah,Self-employed,E007,Q3
30,11,Master,Researcher,0,Jeddah,Part-time,E011,Q8
27,7,High School,Driver,5818,Jeddah,Full-time,E001,Q6
19,23,Master,Financial Analyst,37648,Dammam,Student,E011,Q1
48,17,Bachelor,Teacher,74586,Riyadh,Unemployed,E004,Q10
78,7,PhD,Scientist,64775,Jeddah,Self-employed,E009,Q4
30,2,Master,Consultant,37076,Dammam,Full-time,E006,Q1
40,14,PhD,Senior Researcher,29574,Dammam,Full-time,E002,Q9
45,6,PhD,Security Guard,6665,Jeddah,Full-time,E006,Q1
25,6,High School,Janitor,6121,Dammam,Full-time,E014,Q6
24,4,High School,Driver,85050,Riyadh,Unemployed,E002,Q9
77,7,Master,Researcher,28686,Dammam,Full-time,E002,Q9
27,3,Diploma,Nurse,8436,Dammam,Full-time,E001,Q1
42,1,Diploma,Nurse,5278,Dammam,Part-time,E001,Q1
53,0,PhD,Department Head,65775,Riyadh,Full-time,E014,Q4
33,5,Master,Financial Analyst,17465,Dammam,Full-time,E011,Q9
22,1,High School,Driver,3419,Jeddah,Full-time,E007,Q7
36,18,Bachelor,Accountant,18014,Jeddah,Full-time,E011,Q2
28,6,Diploma,Professor,69807,Dammam,Full-time,E006,Q5
26,8,High School,Surgeon,46469,Riyadh,Self-employed,E006,Q10
36,17,Diploma,Nurse,11469,Dammam,Full-time,E003,Q8
49,30,PhD,Professor,28728,Riyadh,Part-time,E014,Q6
45,24,PhD,Research Director,29656,Dammam,Part-time,E015,Q2
21,10,PhD,Professor,66706,Jeddah,Student,E011,Q7
40,4,Bachelor,HR Officer,40500,Dammam,Unemployed,E002,Q2
20,1,Diploma,Technician,6308,Dammam,Full-time,E005,Q2
31,7,Bachelor,Accountant,16368,Dammam,Full-time,E011,Q9
41,15,Master,Senior Engineer,39018,Riyadh,Part-time,E015,Q9
32,12,PhD,Research Director,36357,Jeddah,Full-time,E013,Q5
37,8,Master,Data Scientist,24994,Dammam,Part-time,E007,Q2
30,5,High School,Clerk,3068,Riyadh,Full-time,E001,Q9
44,11,High School,Cashier,74463,Dammam,Unemployed,E008,Q6
34,50,PhD,Senior Researcher,40053,Dammam,Self-employed,E007,Q10
26,1,Diploma,Lab Technician,11288,Jeddah,Full-time,E004,Q10
29,11,Bachelor,Accountant,21875,Riyadh,Part-time,E001,Q10
32,11,High School,Driver,4181,Dammam,Self-employed,E009,Q6
45,2,Bachelor,HR Officer,17485,Riyadh,Full-time,E011,Q8
39,17,Bachelor,Designer,10941,Jeddah,Full-time,E002,Q5
42,22,Bachelor,HR Officer,17011,Jeddah,Part-time,E006,Q1
34,1,PhD,Professor,67053,Riyadh,Self-employed,E007,Q2
37,6,Master,Senior Engineer,32401,Dammam,Full-time,E014,Q6
35,16,Master,Data Scientist,27897,Riyadh,Full-time,E010,Q9
82,1,High School,Waiter,7691,Dammam,Full-time,E010,Q2
50,2,Master,Financial Analyst,15187,Riyadh,Full-time,E011,Q8
19,9,PhD,Senior Researcher,78843,Jeddah,Full-time,E007,Q4
45,11,Diploma,Technician,11088,Jeddah,Part-time,E010,Q1
24,5,High School,Driver,6468,Riyadh,Part-time,E014,Q10
51,21,Master,Financial Analyst,23050,Jeddah,Full-time,E001,Q8
25,42,Bachelor,HR Officer,15251,Riyadh,Full-time,E014,Q4
24,0,Bachelor,HR Officer,16327,Jeddah,Self-employed,E004,Q10
36,4,Diploma,Nurse,6130,Jeddah,Part-time,E013,Q10
41,6,Master,Researcher,25651,Dammam,Full-time,E002,Q10
36,13,Master,Researcher,16697,Riyadh,Full-time,E002,Q7
45,23,Diploma,Technician,10818,Dammam,Part-time,E006,Q8
32,13,High School,Cashier,7922,Riyadh,Full-time,E008,Q3
39,15,Diploma,Nurse,8922,Jeddah,Full-time,E006,Q8
40,47,Diploma,Lab Technician,8408,Dammam,Full-time,E015,Q4
75,5,Master,Data Scientist,26433,Jeddah,Full-time,E006,Q4
28,4,PhD,Professor,46221,Dammam,Full-time,E007,Q7
30,5,PhD,Scientist,47853,Riyadh,Full-time,E001,Q7
48,14,High School,Waiter,7873,Dammam,Self-employed,E015,Q7
40,21,Master,Senior Engineer,0,Riyadh,Full-time,E007,Q1
38,19,High School,Waiter,7292,Dammam,Full-time,E009,Q7
57,4,PhD,Professor,40141,Jeddah,Part-time,E007,Q1
39,3,Bachelor,Software Developer,19020,Riyadh,Part-time,E001,Q6
13,7,PhD,Scientist,67853,Jeddah,Part-time,E009,Q2
37,6,Bachelor,Teacher,15125,Riyadh,Part-time,E006,Q9
54,15,High School,Surgeon,73338,Jeddah,Full-time,E008,Q3
27,1,High School,Security Guard,5598,Dammam,Full-time,E001,Q5
31,8,PhD,Waiter,5169,Riyadh,Full-time,E015,Q7
31,12,Diploma,Administrative Assistant,9720,Riyadh,Full-time,E008,Q2
32,8,High School,Worker,6952,Dammam,Full-time,E013,Q5
35,5,PhD,Waiter,6061,Jeddah,Full-time,E014,Q8
37,16,Bachelor,Software Developer,16084,Dammam,Part-time,E008,Q2
33,2,PhD,Research Director,53514,Riyadh,Self-employed,E012,Q6
18,23,Bachelor,Designer,9966,Jeddah,Student,E008,Q9
38,20,High School,Waiter,7797,Dammam,Full-time,E009,Q2
52,24,High School,Research Director,72541,Dammam,Full-time,E013,Q10
35,2,High School,Clerk,6269,Jeddah,Full-time,E001,Q3
22,0,Diploma,Lab Technician,11106,Riyadh,Self-employed,E006,Q8
19,0,High School,Worker,4780,Dammam,Full-time,E003,Q6
46,4,Master,Project Manager,22370,Dammam,Full-time,E011,Q7
40,8,Master,Financial Analyst,26039,Dammam,Self-employed,E010,Q3
23,5,Diploma,Nurse,7204,Jeddah,Full-time,E003,Q8
37,1,Bachelor,Designer,11369,Dammam,Full-time,E008,Q10
54,32,Master,Financial Analyst,22345,Riyadh,Full-time,E013,Q3
49,29,Diploma,Surgeon,74437,Riyadh,Full-time,E009,Q10
43,7,PhD,Department Head,50894,Dammam,Full-time,E008,Q2
19,13,PhD,Senior Researcher,67304,Jeddah,Full-time,E015,Q4
53,6,PhD,Research Director,47468,Dammam,Full-time,E013,Q6
22,2,High School,Clerk,6605,Riyadh,Full-time,E013,Q8
41,11,Bachelor,Designer,86018,Dammam,Unemployed,E006,Q2
81,7,Diploma,Technician,10868,Dammam,Part-time,E009,Q6
41,10,Master,Data Scientist,39132,Riyadh,Full-time,E014,Q3
45,1,Diploma,Lab Technician,11577,Jeddah,Full-time,E004,Q4
31,4,High School,Clerk,7170,Riyadh,Full-time,E009,Q4
48,15,High School,Waiter,0,Jeddah,Full-time,E013,Q1
30,5,High School,Janitor,6949,Dammam,Full-time,E001,Q9
30,12,PhD,Professor,56080,Dammam,Full-time,E005,Q9
34,2,Master,Financial Analyst,34884,Dammam,Full-time,E003,Q2
54,28,PhD,Security Guard,6201,Dammam,Full-time,E005,Q6
93,11,High School,Cashier,4361,Jeddah,Full-time,E003,Q4
44,16,Diploma,Technician,8477,Dammam,Part-time,E015,Q1
35,3,High School,Security Guard,3772,Riyadh,Part-time,E012,Q3
41,1,Diploma,Technician,8435,Jeddah,Full-time,E006,Q4
28,8,High School,Driver,3129,Dammam,Full-time,E007,Q10
47,19,Master,Consultant,23708,Riyadh,Full-time,E014,Q10
36,5,Diploma,Lab Technician,6497,Jeddah,Full-time,E014,Q9
42,3,Master,Researcher,22646,Riyadh,Part-time,E014,Q6
21,3,Diploma,Receptionist,11653,Dammam,Full-time,E008,Q4
28,8,PhD,Research Director,51872,Riyadh,Full-time,E010,Q1
44,7,Bachelor,Accountant,19529,Jeddah,Full-time,E006,Q8
21,1,High School,Security Guard,6937,Dammam,Part-time,E005,Q9
33,14,Master,Project Manager,0,Riyadh,Full-time,E010,Q10
30,5,Bachelor,HR Officer,20099,Riyadh,Full-time,E001,Q3
51,22,Bachelor,Analyst,22900,Dammam,Full-time,E008,Q4
40,4,Master,Researcher,38137,Jeddah,Full-time,E006,Q7
49,15,Master,Data Scientist,32398,Riyadh,Part-time,E011,Q8
20,1,High School,Driver,4864,Jeddah,Part-time,E010,Q9
20,0,High School,Worker,5771,Dammam,Self-employed,E005,Q10
20,2,High School,Janitor,7262,Jeddah,Self-employed,E014,Q8
23,4,Diploma,Technician,10414,Dammam,Part-time,E005,Q1
41,0,Master,Senior Engineer,27368,Jeddah,Full-time,E011,Q5
38,1,Diploma,Technician,8524,Riyadh,Full-time,E008,Q3
31,5,PhD,Department Head,42167,Dammam,Full-time,E006,Q7
55,13,PhD,Security Guard,3136,Riyadh,Full-time,E005,Q7
29,6,Master,Data Scientist,33321,Riyadh,Full-time,E008,Q2
44,3,Master,Financial Analyst,22415,Riyadh,Full-time,E003,Q1
39,13,Bachelor,Accountant,24870,Riyadh,Self-employed,E007,Q4
55,10,PhD,Waiter,3984,Riyadh,Full-time,E004,Q5
21,11,PhD,Professor,76012,Riyadh,Full-time,E001,Q6
44,4,Bachelor,Analyst,12719,Riyadh,Full-time,E009,Q1
21,3,Diploma,Administrative Assistant,11666,Riyadh,Full-time,E012,Q5
34,10,PhD,Cashier,3724,Dammam,Full-time,E013,Q10
57,16,PhD,Scientist,54483,Jeddah,Unemployed,E004,Q2
32,7,PhD,Cashier,4623,Dammam,Full-time,E013,Q5
56,33,PhD,Scientist,65433,Dammam,Part-time,E001,Q1
34,12,PhD,Professor,68390,Riyadh,Full-time,E005,Q6
49,9,Diploma,Lab Technician,6963,Riyadh,Full-time,E006,Q9
39,5,Diploma,Scientist,69367,Riyadh,Self-employed,E010,Q3
36,8,PhD,Senior Researcher,40782,Riyadh,Unemployed,E009,Q2
29,6,Master,Data Scientist,31653,Riyadh,Part-time,E007,Q8
21,0,High School,Security Guard,5000,Dammam,Full-time,E012,Q6
47,10,High School,Scientist,40085,Dammam,Full-time,E005,Q3
44,23,Diploma,Receptionist,9543,Jeddah,Full-time,E002,Q7
39,19,Diploma,Receptionist,11520,Riyadh,Full-time,E002,Q6
95,15,Bachelor,Accountant,12363,Jeddah,Part-time,E007,Q4
22,3,High School,Janitor,6624,Riyadh,Full-time,E010,Q4
58,39,PhD,Scientist,36223,Jeddah,Full-time,E005,Q4
27,1,Diploma,Administrative Assistant,0,Dammam,Full-time,E004,Q3
43,17,Master,Researcher,38066,Dammam,Full-time,E014,Q9
38,20,Master,Consultant,37004,Jeddah,Full-time,E009,Q8
27,7,High School,Security Guard,65594,Dammam,Unemployed,E001,Q8
49,31,Bachelor,Teacher,10286,Jeddah,Full-time,E005,Q10
29,10,Diploma,Lab Technician,11048,Jeddah,Full-time,E012,Q4
30,5,Diploma,Lab Technician,9388,Jeddah,Self-employed,E001,Q10
25,7,Bachelor,Analyst,16763,Dammam,Self-employed,E015,Q6
20,1,PhD,Cashier,4090,Dammam,Full-time,E004,Q9
41,20,Master,Financial Analyst,30635,Riyadh,Self-employed,E008,Q9
33,7,Diploma,Receptionist,9188,Riyadh,Part-time,E002,Q9
26,7,Diploma,Nurse,8682,Riyadh,Full-time,E011,Q4
45,17,Bachelor,Designer,20506,Jeddah,Full-time,E010,Q10
33,2,Diploma,Nurse,5295,Riyadh,Part-time,E002,Q7
48,26,Master,Consultant,27759,Jeddah,Full-time,E007,Q6
40,1,PhD,Janitor,3588,Riyadh,Full-time,E003,Q9
40,11,Master,Financial Analyst,21787,Jeddah,Self-employed,E015,Q1
46,24,PhD,Department Head,65498,Dammam,Full-time,E004,Q2
25,1,Master,Consultant,16364,Jeddah,Full-time,E014,Q6
21,3,Diploma,Administrative Assistant,5709,Riyadh,Full-time,E003,Q6
48,11,Bachelor,Marketing Specialist,14867,Dammam,Full-time,E007,Q4
12,4,Diploma,Administrative Assistant,5723,Jeddah,Full-time,E011,Q9
45,64,Bachelor,Teacher,23025,Jeddah,Self-employed,E004,Q9
21,1,High School,Worker,3204,Riyadh,Self-employed,E004,Q4
26,3,Diploma,Technician,31388,Riyadh,Unemployed,E002,Q4
30,5,PhD,Scientist,67305,Dammam,Full-time,E001,Q4
31,12,PhD,Scientist,38868,Riyadh,Full-time,E007,Q3
39,20,PhD,Professor,30859,Jeddah,Self-employed,E009,Q3
48,7,Diploma,Lab Technician,11662,Jeddah,Full-time,E011,Q2
42,16,Bachelor,Analyst,8012,Jeddah,Full-time,E012,Q6
23,2,PhD,Senior Researcher,65009,Riyadh,Full-time,E010,Q7
54,27,Master,Consultant,16127,Riyadh,Part-time,E005,Q5
38,18,High School,Clerk,4444,Riyadh,Full-time,E005,Q4
38,10,Bachelor,Software Developer,8836,Riyadh,Full-time,E010,Q9
43,21,PhD,Janitor,6253,Dammam,Part-time,E011,Q3
32,13,Master,Financial Analyst,17946,Riyadh,Self-employed,E011,Q6
16,10,Master,Data Scientist,22311,Riyadh,Part-time,E005,Q3
12,4,High School,Worker,6856,Dammam,Self-employed,E006,Q8
47,23,Diploma,Lab Technician,10952,Riyadh,Full-time,E010,Q10
31,3,High School,Janitor,5282,Jeddah,Full-time,E009,Q9
43,4,High School,Cashier,5214,Jeddah,Part-time,E006,Q8
35,8,Master,Financial Analyst,37162,Riyadh,Self-employed,E003,Q8
18,10,PhD,Senior Researcher,60142,Jeddah,Full-time,E004,Q5
83,11,PhD,Scientist,56750,Jeddah,Full-time,E009,Q9
42,9,High School,Driver,3747,Jeddah,Self-employed,E011,Q7
52,20,High School,Scientist,79217,Jeddah,Full-time,E005,Q10
40,13,Bachelor,Marketing Specialist,8197,Dammam,Full-time,E004,Q1
21,3,Diploma,Administrative Assistant,9422,Riyadh,Full-time,E001,Q4
50,6,PhD,Professor,67980,Riyadh,Full-time,E011,Q3
34,4,High School,Security Guard,7645,Jeddah,Full-time,E008,Q4
57,7,High School,Surgeon,53498,Dammam,Full-time,E010,Q7
18,23,Bachelor,Teacher,20158,Jeddah,Student,E002,Q1
48,5,PhD,Waiter,4869,Dammam,Part-time,E003,Q5
20,0,PhD,Professor,62866,Riyadh,Self-employed,E001,Q10
47,1,High School,Waiter,5495,Dammam,Full-time,E007,Q3
46,26,High School,Worker,3444,Riyadh,Full-time,E013,Q4
45,26,Master,Data Scientist,37416,Riyadh,Part-time,E004,Q10
30,5,Master,Project Manager,37031,Riyadh,Full-time,E001,Q5
47,12,High School,Driver,3299,Dammam,Full-time,E006,Q7
37,2,Bachelor,Teacher,12789,Dammam,Full-time,E010,Q7
42,9,Master,Project Manager,20013,Riyadh,Full-time,E001,Q6
41,15,PhD,Senior Researcher,62679,Riyadh,Full-time,E010,Q10
41,2,PhD,Professor,39560,Riyadh,Part-time,E007,Q5
50,6,Diploma,Receptionist,75021,Riyadh,Unemployed,E009,Q3
24,6,High School,Janitor,7836,Dammam,Full-time,E002,Q3
38,6,High School,Waiter,7044,Riyadh,Full-time,E002,Q3
18,29,PhD,Professor,72383,Dammam,Self-employed,E005,Q5
30,5,Bachelor,Teacher,16384,Riyadh,Full-time,E001,Q10
24,4,PhD,Senior Researcher,53245,Dammam,Full-time,E007,Q5
43,12,PhD,Senior Researcher,26685,Riyadh,Full-time,E005,Q6
52,23,Master,Researcher,37417,Dammam,Full-time,E003,Q7
52,32,Master,Researcher,35074,Riyadh,Full-time,E006,Q9
35,3,Diploma,Receptionist,11942,Jeddah,Self-employed,E009,Q6
33,1,Master,Researcher,19618,Dammam,Self-employed,E003,Q2
29,5,PhD,Research Director,39313,Riyadh,Full-time,E013,Q9
46,3,High School,Security Guard,3229,Riyadh,Full-time,E002,Q4
36,12,Diploma,Receptionist,6479,Dammam,Full-time,E004,Q6
20,8,PhD,Senior Researcher,59214,Riyadh,Full-time,E008,Q8
20,5,PhD,Professor,71318,Riyadh,Full-time,E008,Q2
39,7,Diploma,Lab Technician,5797,Dammam,Part-time,E012,Q6
30,5,Master,Senior Engineer,17139,Dammam,Full-time,E001,Q8
40,7,High School,Research Director,72509,Jeddah,Full-time,E014,Q3
12,7,Diploma,Administrative Assistant,9540,Jeddah,Full-time,E007,Q6
39,13,High School,Security Guard,4102,Jeddah,Full-time,E015,Q6
41,1,Bachelor,Analyst,14462,Jeddah,Full-time,E014,Q5
50,20,Master,Financial Analyst,32235,Jeddah,Full-time,E015,Q6
24,9,PhD,Professor,57199,Jeddah,Part-time,E012,Q2
43,22,Bachelor,Software Developer,13301,Riyadh,Full-time,E005,Q4
40,8,High School,Waiter,4132,Jeddah,Full-time,E015,Q3
33,10,Diploma,Lab Technician,9631,Dammam,Full-time,E005,Q1
77,23,Bachelor,Teacher,20548,Jeddah,Full-time,E006,Q2
45,5,Master,Researcher,24166,Jeddah,Full-time,E010,Q2
30,10,Diploma,Receptionist,9897,Jeddah,Full-time,E006,Q6
50,30,Diploma,Administrative Assistant,8622,Jeddah,Full-time,E004,Q5
33,1,Diploma,Administrative Assistant,8122,Riyadh,Part-time,E004,Q4
45,24,PhD,Research Director,42865,Dammam,Full-time,E002,Q9
54,30,Master,Data Scientist,16225,Riyadh,Full-time,E013,Q2
45,3,PhD,Department Head,63840,Jeddah,Full-time,E004,Q10
35,7,Master,Researcher,27218,Jeddah,Full-time,E011,Q8
35,7,High School,Cashier,7212,Riyadh,Full-time,E005,Q5
37,12,PhD,Research Director,28850,Dammam,Full-time,E013,Q2
53,0,Master,Researcher,31056,Riyadh,Part-time,E006,Q4
58,24,PhD,Research Director,0,Dammam,Full-time,E007,Q5
34,42,Master,Senior Engineer,33617,Dammam,Full-time,E010,Q9
82,10,Bachelor,Marketing Specialist,19186,Riyadh,Full-time,E007,Q2
19,18,Diploma,Receptionist,6606,Dammam,Student,E001,Q2
22,2,Diploma,Administrative Assistant,9410,Dammam,Full-time,E002,Q5
39,5,Diploma,Nurse,9945,Riyadh,Full-time,E008,Q7
36,13,Diploma,Administrative Assistant,11438,Riyadh,Full-time,E001,Q6
39,11,Diploma,Technician,7340,Dammam,Part-time,E007,Q2
37,3,PhD,Scientist,38626,Jeddah,Full-time,E012,Q4
40,16,Diploma,Nurse,7432,Jeddah,Full-time,E015,Q3
32,2,Diploma,Technician,8599,Riyadh,Self-employed,E003,Q4
32,8,Master,Project Manager,39215,Riyadh,Full-time,E011,Q7
52,22,PhD,Professor,65239,Jeddah,Full-time,E009,Q10
46,12,Bachelor,Software Developer,21878,Jeddah,Full-time,E012,Q6
29,9,High School,Driver,4600,Dammam,Full-time,E010,Q2
46,21,Diploma,Lab Technician,7967,Riyadh,Full-time,E015,Q10
20,24,PhD,Research Director,54538,Riyadh,Student,E008,Q3
41,15,PhD,Department Head,29820,Jeddah,Part-time,E015,Q1
52,34,PhD,Janitor,5335,Jeddah,Full-time,E015,Q1
35,8,Master,Senior Engineer,15225,Dammam,Full-time,E013,Q3
43,15,PhD,Research Director,33083,Jeddah,Full-time,E014,Q4
47,20,PhD,Research Director,69745,Dammam,Full-time,E010,Q8
21,18,Bachelor,HR Officer,21027,Riyadh,Student,E011,Q7
34,13,Bachelor,HR Officer,9962,Jeddah,Full-time,E010,Q9
34,14,Diploma,Nurse,10470,Riyadh,Full-time,E002,Q9
33,5,PhD,Research Director,63022,Jeddah,Full-time,E008,Q7
25,0,High School,Waiter,3633,Riyadh,Full-time,E004,Q3
35,17,PhD,Department Head,88902,Dammam,Unemployed,E003,Q4
26,4,Diploma,Technician,10581,Riyadh,Full-time,E001,Q7
31,13,PhD,Senior Researcher,33743,Dammam,Part-time,E013,Q8
20,2,Diploma,Administrative Assistant,9356,Riyadh,Full-time,E006,Q7
51,1,Bachelor,Software Developer,12125,Jeddah,Full-time,E010,Q6
37,17,Master,Consultant,22535,Jeddah,Full-time,E006,Q2
20,1,Diploma,Nurse,7492,Dammam,Full-time,E008,Q6
21,1,Diploma,Administrative Assistant,0,Jeddah,Full-time,E013,Q8
32,2,Bachelor,HR Officer,47075,Riyadh,Unemployed,E007,Q6
46,5,Bachelor,Designer,12293,Jeddah,Self-employed,E006,Q8
14,12,Diploma,Technician,7484,Dammam,Self-employed,E006,Q5
34,13,PhD,Scientist,40286,Jeddah,Part-time,E011,Q6
35,3,Bachelor,HR Officer,22824,Riyadh,Full-time,E007,Q5
44,21,High School,Research Director,59796,Riyadh,Full-time,E005,Q8
42,14,Master,Financial Analyst,28706,Dammam,Part-time,E014,Q6
28,4,Diploma,Technician,69191,Riyadh,Unemployed,E009,Q9
28,0,Bachelor,Analyst,13787,Riyadh,Part-time,E010,Q5
21,2,Diploma,Nurse,6243,Dammam,Full-time,E008,Q4
52,26,Bachelor,Teacher,20269,Dammam,Part-time,E002,Q5
25,4,Diploma,Administrative Assistant,8719,Dammam,Part-time,E005,Q8
92,0,Diploma,Lab Technician,5491,Riyadh,Full-time,E015,Q6
15,3,PhD,Senior Researcher,37521,Jeddah,Full-time,E010,Q3
21,1,Diploma,Administrative Assistant,5914,Jeddah,Self-employed,E001,Q1
34,12,High School,Cashier,5477,Riyadh,Full-time,E002,Q10
33,10,Diploma,Administrative Assistant,5238,Riyadh,Full-time,E011,Q7
48,7,PhD,Professor,0,Riyadh,Full-time,E006,Q10
19,12,Master,Project Manager,19304,Riyadh,Student,E012,Q4
19,25,Diploma,Technician,5655,Jeddah,Student,E003,Q4
24,1,High School,Security Guard,6259,Dammam,Full-time,E002,Q9
25,4,Diploma,Surgeon,59206,Dammam,Full-time,E015,Q3
33,11,Master,Data Scientist,18965,Riyadh,Full-time,E002,Q2
29,6,PhD,Department Head,34710,Riyadh,Full-time,E004,Q5
58,23,PhD,Professor,64599,Dammam,Full-time,E002,Q3
31,8,Diploma,Professor,41948,Riyadh,Part-time,E014,Q5
54,8,Master,Senior Engineer,28766,Jeddah,Full-time,E002,Q2
30,5,High School,Clerk,3052,Dammam,Self-employed,E001,Q5
23,2,Bachelor,Analyst,11931,Jeddah,Full-time,E008,Q5
36,12,Diploma,Administrative Assistant,10376,Jeddah,Part-time,E006,Q9
33,8,High School,Waiter,3765,Dammam,Part-time,E003,Q8
33,2,PhD,Research Director,58452,Riyadh,Full-time,E002,Q10
56,25,PhD,Scientist,60709,Riyadh,Full-time,E011,Q7
30,5,Bachelor,HR Officer,10798,Dammam,Self-employed,E001,Q7
37,13,High School,Driver,7476,Dammam,Full-time,E004,Q7
26,4,Diploma,Nurse,7135,Dammam,Part-time,E014,Q5
25,7,High School,Clerk,6438,Jeddah,Full-time,E004,Q3
40,5,PhD,Senior Researcher,56415,Riyadh,Full-time,E010,Q1
32,49,Bachelor,HR Officer,19526,Dammam,Full-time,E001,Q2
52,28,Bachelor,Marketing Specialist,13982,Dammam,Full-time,E003,Q7
44,22,Diploma,Lab Technician,11769,Dammam,Full-time,E003,Q4
18,0,PhD,Senior Researcher,60994,Jeddah,Self-employed,E003,Q2
31,5,High School,Security Guard,5906,Dammam,Full-time,E010,Q1
35,10,Master,Researcher,17507,Dammam,Full-time,E011,Q4
57,9,PhD,Scientist,29889,Riyadh,Part-time,E014,Q4
35,2,High School,Cashier,0,Riyadh,Full-time,E005,Q7
30,5,Master,Senior Engineer,15117,Dammam,Full-time,E001,Q2
85,21,High School,Worker,3537,Riyadh,Self-employed,E012,Q2
51,30,PhD,Scientist,65253,Dammam,Part-time,E011,Q1
21,3,High School,Professor,77986,Jeddah,Part-time,E015,Q8
41,2,High School,Waiter,3991,Dammam,Full-time,E009,Q10
94,13,High School,Worker,5060,Dammam,Part-time,E015,Q5
84,30,PhD,Professor,41042,Dammam,Self-employed,E014,Q9
20,2,High School,Driver,5852,Riyadh,Full-time,E004,Q4
49,6,PhD,Waiter,4034,Dammam,Full-time,E004,Q8
30,5,PhD,Waiter,4584,Riyadh,Self-employed,E003,Q4
39,1,High School,Waiter,4305,Riyadh,Full-time,E009,Q1
40,10,Master,Financial Analyst,38976,Dammam,Full-time,E010,Q6
29,9,High School,Cashier,5520,Dammam,Full-time,E008,Q3
30,5,PhD,Senior Researcher,68689,Dammam,Part-time,E001,Q7
53,10,PhD,Department Head,32029,Jeddah,Full-time,E010,Q9
30,5,Diploma,Receptionist,11959,Dammam,Full-time,E001,Q6
35,14,PhD,Department Head,57537,Dammam,Self-employed,E009,Q2
37,48,Bachelor,Teacher,14993,Riyadh,Self-employed,E015,Q5
41,15,Bachelor,Marketing Specialist,11957,Dammam,Part-time,E003,Q7
41,14,Bachelor,Software Developer,11404,Dammam,Full-time,E004,Q4
33,11,PhD,Security Guard,4759,Dammam,Full-time,E014,Q3
31,6,Diploma,Receptionist,5098,Riyadh,Full-time,E007,Q4
39,1,PhD,Scientist,31435,Jeddah,Part-time,E007,Q2
30,5,Diploma,Receptionist,7838,Dammam,Full-time,E001,Q5
34,16,High School,Cashier,5137,Riyadh,Full-time,E005,Q5
33,9,Diploma,Lab Technician,6554,Riyadh,Full-time,E002,Q8
34,54,Bachelor,HR Officer,22990,Dammam,Full-time,E006,Q6
28,10,Diploma,Professor,78692,Jeddah,Self-employed,E013,Q10
16,10,Master,Researcher,30005,Jeddah,Part-time,E014,Q4
26,5,Bachelor,Accountant,10076,Jeddah,Part-time,E005,Q1
24,5,High School,Cashier,5680,Riyadh,Full-time,E010,Q5
33,1,High School,Worker,3826,Dammam,Full-time,E005,Q4
28,8,PhD,Research Director,63473,Jeddah,Full-time,E002,Q2
51,28,Master,Consultant,27162,Dammam,Full-time,E012,Q9
30,8,Bachelor,Designer,14097,Dammam,Full-time,E006,Q2
28,7,PhD,Senior Researcher,63310,Jeddah,Part-time,E001,Q9
14,11,PhD,Research Director,61386,Dammam,Part-time,E003,Q1
35,17,High School,Worker,5895,Riyadh,Full-time,E010,Q5
47,18,Bachelor,Marketing Specialist,16168,Jeddah,Full-time,E015,Q3
35,17,High School,Research Director,66461,Jeddah,Full-time,E001,Q3
25,0,Diploma,Administrative Assistant,7958,Dammam,Self-employed,E011,Q9
28,0,High School,Security Guard,6081,Dammam,Full-time,E007,Q2
53,31,Master,Data Scientist,19433,Riyadh,Full-time,E004,Q9
55,17,PhD,Professor,41942,Dammam,Full-time,E015,Q9
33,52,PhD,Senior Researcher,40184,Jeddah,Full-time,E010,Q6
34,6,Bachelor,HR Officer,74136,Jeddah,Unemployed,E011,Q4
53,9,PhD,Professor,45463,Jeddah,Full-time,E008,Q1
50,1,PhD,Professor,27056,Riyadh,Full-time,E015,Q3
49,28,Diploma,Lab Technician,8539,Dammam,Full-time,E009,Q2
18,18,PhD,Senior Researcher,62022,Riyadh,Full-time,E008,Q4
40,10,Master,Researcher,16907,Riyadh,Part-time,E001,Q3
35,7,PhD,Research Director,31759,Dammam,Full-time,E013,Q5
32,3,Master,Researcher,38377,Dammam,Full-time,E015,Q9
26,4,High School,Waiter,7059,Riyadh,Full-time,E010,Q1
24,3,High School,Cashier,7730,Jeddah,Full-time,E013,Q1
32,11,Diploma,Nurse,7383,Riyadh,Full-time,E006,Q10
32,2,PhD,Research Director,57080,Jeddah,Full-time,E013,Q5
19,1,High School,Waiter,6433,Riyadh,Full-time,E008,Q6
46,13,PhD,Janitor,5178,Riyadh,Full-time,E014,Q2
13,3,High School,Worker,5076,Dammam,Full-time,E002,Q3
20,10,PhD,Professor,66713,Dammam,Full-time,E013,Q5
29,5,High School,Cashier,5286,Riyadh,Full-time,E002,Q9
20,0,Diploma,Lab Technician,11466,Jeddah,Full-time,E009,Q10
46,12,Bachelor,Accountant,9666,Riyadh,Full-time,E002,Q7
45,20,High School,Professor,75536,Dammam,Full-time,E007,Q7
36,15,Bachelor,Analyst,20560,Riyadh,Full-time,E015,Q1
40,15,Bachelor,Teacher,23000,Dammam,Full-time,E008,Q10
42,10,Bachelor,Software Developer,24395,Dammam,Full-time,E008,Q1
45,26,Master,Senior Engineer,48691,Riyadh,Unemployed,E012,Q10
40,18,High School,Cashier,3967,Riyadh,Full-time,E005,Q3
32,14,Bachelor,Teacher,15396,Jeddah,Full-time,E003,Q4
31,8,PhD,Research Director,0,Riyadh,Full-time,E006,Q5
41,0,PhD,Research Director,65891,Dammam,Full-time,E003,Q9
41,19,PhD,Professor,52932,Riyadh,Full-time,E014,Q4
49,0,Bachelor,HR Officer,16334,Dammam,Self-employed,E003,Q9
49,13,Bachelor,Accountant,13582,Riyadh,Self-employed,E006,Q6
19,20,Bachelor,HR Officer,22353,Jeddah,Student,E001,Q1
36,13,Diploma,Nurse,10227,Riyadh,Full-time,E007,Q10
90,18,Diploma,Nurse,11834,Jeddah,Full-time,E013,Q7
39,9,PhD,Professor,43399,Jeddah,Full-time,E003,Q7
42,7,Master,Researcher,17203,Jeddah,Part-time,E001,Q6
47,25,Master,Researcher,18512,Riyadh,Full-time,E003,Q4
45,17,PhD,Professor,45712,Dammam,Unemployed,E011,Q2
24,5,PhD,Professor,53171,Riyadh,Full-time,E005,Q9
30,11,High School,Scientist,57685,Dammam,Full-time,E002,Q10
33,13,Bachelor,Analyst,10825,Jeddah,Part-time,E003,Q4
40,16,Master,Project Manager,20707,Riyadh,Full-time,E014,Q5
21,3,High School,Security Guard,5095,Dammam,Full-time,E010,Q6
87,2,High School,Cashier,5756,Dammam,Full-time,E014,Q4
33,7,PhD,Professor,65985,Dammam,Self-employed,E004,Q8
45,2,Bachelor,Software Developer,10626,Jeddah,Full-time,E013,Q4
23,1,High School,Clerk,3038,Dammam,Self-employed,E011,Q5
15,21,Bachelor,Designer,23302,Dammam,Full-time,E003,Q1
30,5,High School,Clerk,5869,Dammam,Full-time,E001,Q3
38,19,Master,Financial Analyst,38895,Dammam,Full-time,E006,Q9
30,9,High School,Surgeon,67700,Riyadh,Full-time,E009,Q1
79,12,Bachelor,HR Officer,24559,Dammam,Part-time,E004,Q4
23,36,PhD,Professor,74999,Riyadh,Full-time,E001,Q5
30,5,PhD,Department Head,43095,Dammam,Full-time,E001,Q4
36,9,Diploma,Lab Technician,6479,Dammam,Full-time,E002,Q1
41,52,PhD,Professor,58069,Jeddah,Self-employed,E009,Q8
35,1,Diploma,Nurse,7682,Dammam,Full-time,E003,Q6
32,7,Master,Researcher,36304,Riyadh,Full-time,E012,Q6
20,23,Diploma,Technician,5517,Dammam,Student,E009,Q1
34,10,Diploma,Administrative Assistant,41962,Riyadh,Unemployed,E007,Q8
36,5,PhD,Research Director,44837,Dammam,Self-employed,E013,Q8
18,0,High School,Worker,4606,Dammam,Full-time,E011,Q2
35,0,Diploma,Lab Technician,10921,Riyadh,Full-time,E007,Q10
36,8,Diploma,Lab Technician,10227,Jeddah,Part-time,E008,Q10
29,6,Diploma,Administrative Assistant,8905,Dammam,Full-time,E011,Q1
25,4,Diploma,Technician,5264,Riyadh,Full-time,E004,Q10
30,5,Diploma,Receptionist,7658,Jeddah,Full-time,E001,Q3
24,43,Diploma,Lab Technician,7298,Jeddah,Self-employed,E004,Q1
28,5,PhD,Scientist,46171,Riyadh,Part-time,E008,Q3
30,5,Master,Project Manager,26618,Riyadh,Full-time,E001,Q5
37,2,Master,Financial Analyst,0,Riyadh,Full-time,E008,Q4
25,2,Bachelor,Analyst,17714,Dammam,Part-time,E005,Q6
34,6,Master,Senior Engineer,23165,Jeddah,Self-employed,E013,Q2
20,18,PhD,Research Director,68713,Dammam,Student,E002,Q4
29,2,High School,Security Guard,4157,Jeddah,Full-time,E006,Q8
27,2,PhD,Security Guard,3016,Jeddah,Self-employed,E014,Q8
45,11,Master,Senior Engineer,28943,Jeddah,Self-employed,E008,Q5
39,2,High School,Surgeon,60140,Jeddah,Full-time,E001,Q5
46,17,High School,Clerk,6330,Jeddah,Full-time,E014,Q3
48,16,PhD,Cashier,5880,Jeddah,Full-time,E010,Q8
23,2,High School,Driver,6732,Jeddah,Part-time,E015,Q8
45,23,Master,Researcher,18141,Jeddah,Full-time,E002,Q9
15,21,Bachelor,HR Officer,21588,Dammam,Full-time,E009,Q6
48,7,Diploma,Professor,53298,Dammam,Self-employed,E013,Q7
44,12,Diploma,Research Director,67337,Jeddah,Full-time,E013,Q7
40,22,Bachelor,HR Officer,8999,Jeddah,Full-time,E004,Q5
57,23,PhD,Research Director,32825,Jeddah,Self-employed,E009,Q6
39,4,PhD,Professor,47130,Riyadh,Full-time,E009,Q5
30,7,PhD,Senior Researcher,34670,Dammam,Full-time,E006,Q1
56,10,PhD,Scientist,25461,Dammam,Part-time,E009,Q5
40,17,High School,Security Guard,7902,Jeddah,Full-time,E013,Q1
47,18,High School,Cashier,3313,Riyadh,Full-time,E011,Q3
41,19,High School,Security Guard,7104,Jeddah,Part-time,E004,Q5
30,5,Diploma,Lab Technician,10803,Riyadh,Self-employed,E001,Q10
46,10,High School,Worker,6985,Jeddah,Full-time,E005,Q4
